CapitalLatitude,CapitalLongitude,CountryName,CountryCode
42.6666,21.1724,Kosovo,XK
78.2167,15.6333,Svalbard,XR
15.3547,44.2066,Yemen,YE
-25.7069,28.2294,South Africa,ZA
-15.4166,28.2833,Zambia,ZM
-17.8178,31.0447,Zimbabwe,ZW
51.1811,71.4278,Kazakhstan,KZ
17.9667,102.6,Laos,LA
33.872,35.5097,Lebanon,LB
14.002,-61,Saint Lucia,LC
47.1337,9.5167,Liechtenstein,LI
6.932,79.8578,Sri Lanka,LK
6.9,79.95,Sri Lanka,LK
6.3106,-10.8048,Liberia,LR
-29.3167,27.4833,Lesotho,LS
54.6834,25.3166,Lithuania,LT
49.6117,6.13,Luxembourg,LU
56.95,24.1,Latvia,LV
32.8925,13.18,Libya,LY
34.0253,-6.8361,Morocco,MA
43.7396,7.4069,Monaco,MC
47.005,28.8577,Moldova,MD
42.466,19.2663,Montenegro,ME
18.0706,-63.0847,Saint Martin,MF
-18.9166,47.5166,Madagascar,MG
7.103,171.38,Marshall Islands,MH
42,21.4335,Macedonia,MK
12.65,-8,Mali,ML
16.7834,96.1667,Burma,MM
19.7666,96.1186,Burma,MM
47.9167,106.9166,Mongolia,MN
18.0864,-15.9753,Mauritania,MR
16.7,-62.2167,Montserrat,MS
35.8997,14.5147,Malta,MT
-20.1666,57.5,Mauritius,MU
4.1667,73.4999,Maldives,MV
-13.9833,33.7833,Malawi,MW
19.4424,-99.131,Mexico,MX
3.1667,101.7,Malaysia,MY
-25.9553,32.5892,Mozambique,MZ
-22.57,17.0835,Namibia,NA
-22.2625,166.4443,New Caledonia,NC
13.5167,2.1167,Niger,NE
-29.0569,167.9617,Norfolk Island,NF
9.0833,7.5333,Nigeria,NG
12.153,-86.2685,Nicaragua,NI
52.35,4.9166,Netherlands,NL
52.08,4.27,Netherlands,NL
59.9167,10.75,Norway,NO
27.7167,85.3166,Nepal,NP
-19.0167,-169.9167,Niue,NU
-41.3,174.7833,New Zealand,NZ
23.6133,58.5933,Oman,OM
8.968,-79.533,Panama,PA
-12.048,-77.0501,Peru,PE
-17.5334,-149.5667,French Polynesia,PF
-9.4647,147.1925,Papua New Guinea,PG
14.6042,120.9822,Philippines,PH
33.7,73.1666,Pakistan,PK
52.25,21,Poland,PL
46.7811,-56.1764,Saint Pierre And Miquelon,PM
-25.0667,-130.0833,Pitcairn Islands,PN
38.7227,-9.1449,Portugal,PT
7.5,134.6242,Palau,PW
-25.2964,-57.6415,Paraguay,PY
25.2866,51.533,Qatar,QA
44.4334,26.0999,Romania,RO
44.8186,20.468,Serbia,RS
55.7522,37.6155,Russia,RU
-1.9536,30.0605,Rwanda,RW
24.6408,46.7727,Saudi Arabia,SA
-9.438,159.9498,Solomon Islands,SB
-4.6166,55.45,Seychelles,SC
15.5881,32.5342,Sudan,SD
59.3508,18.0973,Sweden,SE
1.293,103.8558,Singapore,SG
-15.9264,-5.7172,Saint Helena,SH
46.0553,14.515,Slovenia,SI
48.15,17.117,Slovakia,SK
8.47,-13.2342,Sierra Leone,SL
43.9172,12.4667,San Marino,SM
14.7158,-17.4731,Senegal,SN
2.0667,45.3667,Somalia,SO
5.835,-55.167,Suriname,SR
4.83,31.58,South Sudan,SS
0.3334,6.7333,Sao Tome And Principe,ST
13.71,-89.203,El Salvador,SV
18.0255,-63.045,Sint Maarten,SX
33.5,36.3,Syria,SY
-26.3167,31.1333,Swaziland,SZ
-26.4667,31.2,Swaziland,SZ
21.4664,-71.136,Turks And Caicos Islands,TC
12.1131,15.0491,Chad,TD
6.1319,1.2228,Togo,TG
13.75,100.5166,Thailand,TH
38.56,68.7739,Tajikistan,TJ
-8.5594,125.5795,Timor-Leste,TL
37.95,58.3833,Turkmenistan,TM
36.8028,10.1797,Tunisia,TN
-21.1385,-175.2206,Tonga,TO
39.9272,32.8644,Turkey,TR
10.652,-61.517,Trinidad And Tobago,TT
-8.5167,179.2166,Tuvalu,TV
25.0358,121.5683,Taiwan,TW
-6.1833,35.75,Tanzania,TZ
-6.8,39.2683,Tanzania,TZ
50.4334,30.5166,Ukraine,UA
0.3167,32.5833,Uganda,UG
-34.858,-56.1711,Uruguay,UY
41.3117,69.2949,Uzbekistan,UZ
13.1483,-61.2121,Saint Vincent And The Grenadines,VC
10.501,-66.917,Venezuela,VE
18.4167,-64.6167,Virgin Islands,VG
21.0333,105.85,Vietnam,VN
-17.7334,168.3166,Vanuatu,VU
-13.2825,-176.1736,Wallis And Futuna,WF
-13.8415,-171.7386,Samoa,WS
42.5,1.5165,Andorra,AD
24.4667,54.3666,United Arab Emirates,AE
34.5167,69.1833,Afghanistan,AF
17.118,-61.85,Antigua And Barbuda,AG
18.2167,-63.05,Anguilla,AI
41.3275,19.8189,Albania,AL
40.1812,44.5136,Armenia,AM
-8.8383,13.2344,Angola,AO
-34.6025,-58.3975,Argentina,AR
48.2,16.3666,Austria,AT
-35.283,149.129,Australia,AU
12.5304,-70.029,Aruba,AW
40.3953,49.8622,Azerbaijan,AZ
43.85,18.383,Bosnia And Herzegovina,BA
13.102,-59.6165,Barbados,BB
23.7231,90.4086,Bangladesh,BD
50.8333,4.3333,Belgium,BE
12.3703,-1.5247,Burkina Faso,BF
42.6833,23.3167,Bulgaria,BG
26.2361,50.5831,Bahrain,BH
-3.3761,29.36,Burundi,BI
6.4833,2.6166,Benin,BJ
6.4,2.52,Benin,BJ
17.8958,-62.8508,Saint Barthelemy,BL
32.2942,-64.7839,Bermuda,BM
4.8833,114.9333,Brunei,BN
-16.498,-68.15,Bolivia,BO
-19.041,-65.2595,Bolivia,BO
-15.7833,-47.9161,Brazil,BR
25.0834,-77.35,Bahamas,BS
27.473,89.639,Bhutan,BT
-24.6463,25.9119,Botswana,BW
53.9,27.5666,Belarus,BY
17.252,-88.7671,Belize,BZ
45.4167,-75.7,Canada,CA
-4.3297,15.315,Congo (Kinshasa),CD
4.3666,18.5583,Central African Republic,CF
-4.2592,15.2847,Congo (Brazzaville),CG
46.9167,7.467,Switzerland,CH
-21.25,-159.75,Cook Islands,CK
-33.45,-70.667,Chile,CL
3.8667,11.5167,Cameroon,CM
39.9289,116.3883,China,CN
4.5964,-74.0833,Colombia,CO
9.935,-84.0841,Costa Rica,CR
23.132,-82.3642,Cuba,CU
14.9167,-23.5167,Cabo Verde,CV
12.2004,-69.02,Curaè¢¯,CW
-10.4167,105.7167,Christmas Island,CX
35.1667,33.3666,Cyprus,CY
50.0833,14.466,Czechia,CZ
52.5218,13.4015,Germany,DE
11.595,43.148,Djibouti,DJ
55.6786,12.5635,Denmark,DK
15.301,-61.387,Dominica,DM
18.4701,-69.9001,Dominican Republic,DO
36.7631,3.0506,Algeria,DZ
-0.215,-78.5001,Ecuador,EC
59.4339,24.728,Estonia,EE
30.05,31.25,Egypt,EG
15.3333,38.9333,Eritrea,ER
40.4,-3.6834,Spain,ES
9.0333,38.7,Ethiopia,ET
60.1756,24.9341,Finland,FI
-18.133,178.4417,Fiji,FJ
-51.7,-57.85,Falkland Islands (Islas Malvinas),FK
6.9166,158.15,Micronesia,FM
62.03,-6.82,Faroe Islands,FO
48.8667,2.3333,France,FR
0.3854,9.458,Gabon,GA
51.5,-0.1167,United Kingdom,GB
12.0526,-61.7416,Grenada,GD
41.725,44.7908,Georgia,GE
49.4561,-2.5408,Guernsey,GG
5.55,-0.2167,Ghana,GH
36.1324,-5.3781,Gibraltar,GI
64.1983,-51.7327,Greenland,GL
13.4539,-16.5917,Gambia,GM
9.5315,-13.6802,Guinea,GN
3.75,8.7833,Equatorial Guinea,GQ
37.9833,23.7333,Greece,GR
14.6211,-90.527,Guatemala,GT
11.865,-15.5984,Guinea-Bissau,GW
6.802,-58.167,Guyana,GY
14.102,-87.2175,Honduras,HN
45.8,16,Croatia,HR
18.541,-72.336,Haiti,HT
47.5,19.0833,Hungary,HU
-6.1744,106.8294,Indonesia,ID
53.3331,-6.2489,Ireland,IE
54.1504,-4.48,Isle Of Man,IM
28.6,77.2,India,IN
33.3386,44.3939,Iraq,IQ
35.6719,51.4243,Iran,IR
64.15,-21.95,Iceland,IS
41.896,12.4833,Italy,IT
49.1833,-2.1,Jersey,JE
17.9771,-76.7674,Jamaica,JM
31.95,35.9333,Jordan,JO
35.685,139.7514,Japan,JP
-1.2833,36.8167,Kenya,KE
42.8731,74.5852,Kyrgyzstan,KG
11.55,104.9166,Cambodia,KH
1.3382,173.0176,Kiribati,KI
-11.7042,43.2402,Comoros,KM
17.302,-62.717,Saint Kitts And Nevis,KN
39.0194,125.7547,Korea,KP
37.5663,126.9997,Korea,KR
29.3697,47.9783,Kuwait,KW
19.2804,-81.33,Cayman Islands,KY
-14.274,-170.7046,American Samoa,AS
13.4745,144.7504,Guam,GU
15.2137,145.7546,Northern Mariana Islands,MP
38.9047,-77.0163,United States,US
