Publisher(s),count(*)
"  Milestone S.r.l.",1
" Big Fish Games",1
" Disney Interactive",1
" Gaming Corps AB",1
" Gato Salvaje S.L.",1
" GungHo Online Entertainment America, Inc.	",1
" Slitherine Ltd",1
"10tons Ltd",4
"11 bit launchpad",1
"11 bit studios",11
"1337 Games",3
"14 Hours Productions",1
"14Dimension Enterprise",2
16bitarena.com,1
17-BIT,2
17Studio,1
"1? Company",1
"1C Company",86
"1C Game Studios",1
"1C Online Games",11
1C-777,12
1C-SoftClub,44
"2 Dawn Studios",1
"2020 Venture",1
20Tab,1
"22 Cans",1
22cans,1
"22cans Ltd.",1
"24 Caret Games",1
"2Awesome Studio",1
"2Brains Games",1
"2Chance Projects",1
"2D BOY ",2
"2D Heroes",1
2DArray,1
2DEngine,3
2K,41
"2K Games",121
"2K Play",2
"2K Sports",3
2Play,1
2tainment,4
"2x2 Games",3
"3 Fright",1
"3 Sprockets ",3
30/30,1
3000AD,16
"3100 games",1
"314 Arts",1
"38 Studios",4
3909,1
3BLACKDOT,2
"3D Realms",2
"3D Realms (Apogee Software)",27
"3Dflow SRL",1
3Division,1
"3f Interactive",2
"4 I Lab",1
"4-Panel Footprint",1
"4Bit Games",1
4NetGames,1
"4PM GAME",1
4Realms,1
4sdk,1
"5 Lives Studios",1
"505 Games",56
"505 Games Mobile",1
"505 Games US",1
"505 Mobile Games",1
5DayStudio,1
5Wolf,1
"7 Soft Pillows",1
7Sixty,1
"8-Bit Studio",1
"800 North and Digital Ranch",1
"82 Apps",2
"8888888 LABS",1
"89AM Studio",2
"8D Studio",1
8Floor,15
8i,1
"9heads Game Studios",3
"?? (Ju Cai)",2
"???? (WeShare Games)",2
@unepic_fran,2
"A Crowd of Monsters",3
"A Jolly Corpse",1
"a REGULAR GAMER",1
"A Stranger Gravity",2
"A Sweet Studio",1
"A.J Starkey Enterprises",1
"AAA Internet Publishing, Inc. (DBA WTFast)",1
"AAD Productions",5
"Aardman Animations",1
"Aaron Dordi",1
"Aaron Legault",1
Aartform,1
"Aartform Games",1
"Abbey Games",2
"Abnormal Software",1
"Above and Beyond Technologies",2
"Abrakam SA",1
"Abrupt Games",1
"Absolutist Ltd.",5
"Abstract Tree Studio",1
"Abyss Lights Studio LLP",5
"Abyss Studios",1
"Abyssal Arts Ltd.",1
"Acceleroto, Inc.",2
"ACD Systems International Inc.",1
ACE,6
"ACE MADDOX",3
"ACE Team",2
AceGamer,1
"Acid Wizard Studio",1
"Ackk Studios",1
"Active Gaming Media, Inc.",4
Activision,227
"Actual Tools",1
"Acuze Interactive",1
"Adam DeLease",1
"Adam Foster",1
"Adam McLellan",1
"Adam Mowery",1
"Adam Spragg",1
"Adam Tarnowski",1
"Adam Wells",1
adamgryu,1
"Addicting Games",1
"Adham Jaber",1
"Adhoc Games",3
"Admax Game",1
Adminde,1
"Adminde Ltd",1
"Adriaan de Jongh",1
"Adult Swim Games",21
"Advent RPG",1
"Adventure Mob",1
"Adventure Productions",2
"Adventurepro Games LLC",1
"Aegon Games",1
"Aeonic Entertainment",2
"Aera Studios",1
"Aeria Games",13
"Aeria Games Europe GmbH",1
Aerosoft,1
"Aerosoft GmbH",56
"Afrobeast PTY. LTD.",1
"Afterthought Studios",3
AGC,1
"Age of Fear",2
"Agent Mega",2
"Agharta Studio",1
"AGM PLAYISM",58
"AGO Games",1
AHEARTFULOFGAMES,1
"Airys Software",2
AJTilley.com,4
AKABEiSOFT2,1
Akella,10
AKGames,2
"Aksys Games",2
"Alan Edwardes",1
"Alastair John Jack",1
"Alawar Entertainment",14
"Albert Espín",1
"Alda Games",1
"Aldin Dynamics",1
"Aldorlea Games",54
"Aleksey Abramenko",1
"Alex Jedraszczak",1
"Alex Woodcock",1
"Alex Zhang",1
"Alexander Byzov",4
"Alexander Chipurnykh",1
"Alexander Mirdzveli",1
"Alfred Lam",1
"Alice & Smith",4
Alientrap,9
"Alientrap Games Inc",2
"AlikArt Studio",1
"Alister Software",1
Alkemi,2
"All Civilized Planets",1
"All Seeing Eye Games",2
Allegorithmic,7
"Allen Dayan",1
"ALLPlayer Group Ltd.",1
"Almost Human Games",2
Alpheratz*,1
"Alternative Software Ltd",8
Altfuture,1
"AltImage Games",1
"AltspaceVR, Inc.",1
"Alzan Studios, LLC",1
"Amanita Design",6
"Amaranth Games",1
"Ambient Design Ltd",1
"Ambiera e.U.",3
"Amethyst Quarter",1
"Amnia Interactive Inc.",1
"AMPLITUDE Studios",17
amulware,1
"Amund Farifteh",1
"Analgesic Productions",1
"Analgesic Productions LLC",1
"Anarchy Enterprises",7
"Anarchy Interactive",1
"Anarkis Gaming",1
Anarteam,1
"Anatoliy Loginovskikh",1
"Anchora Games",1
"Andrés Calva",1
Andrettin,3
"Andrew Rowe",1
"Andrew Willman",1
AndrewDrumov,1
AndrewWatt96,1
"Andrii Vintsevych",4
"Andy Wallace",1
"Angry Cat Ltd.",1
"Angry Engineers Entertainment",1
"Angry Mob Games",1
"Angry Toad Studios",1
"Anima Locus",1
"Animakemu Games",1
"Animate Objects",1
"Animation Catalyst",1
Animootor,1
"Animu Game",2
"Animus Interactive Inc",1
Aniode,1
Ankama,3
"Ankama Animation",1
"Ankama Animations",4
"Ankama Games",22
"Another Yeti",1
Anothink,1
ANPA.US,12
"Anshar Studios",1
"Ansimuz Games",1
"Ant Workshop Ltd",2
Antagonist,1
"Antanas Marcelionis",2
"Anteater Games",1
"Anteater Games, EQ-Games",1
"Anti Crunch Studios",1
Anticto,1
Antiproto,1
"Antonio Renna",1
"Antti Vaihia",1
"Anuman Interactive",1
"Anvate Games",4
"Anvil Drop, LLC",1
Anvil-Soft,1
"AOS GAME",1
"APAS games",1
"ApathyWorks, LLC",1
"Ape Law",1
"Aperture Tag Team",1
"Apogee Software",3
"Apparition Games",1
"APPIDEMIC Studios",1
"Application Systems Heidelberg",3
"Appsolutely Studios",1
"Aqualuft Games",2
"Aquiris Game Studio",1
"Arachnid Games",1
"Arboreal Games",1
"Arc System Works",7
Arc-gen,1
"Arcane Four Studios",1
"Arcanity Inc",1
"Arcen Games",4
"Arcen Games, LLC",21
"Archetype Global",1
"Archive Entertainment",2
"Arctic Anteater",1
"Arctic Hazard Game Studio a/s",1
ArcticFox223,1
"Argonauts Interactive",2
"Argus Games",4
"Aric Morrow",1
Aries-Lenov,1
"Arkane Studios",2
"Armature Studio, LLC",1
"Armature Studio, LLC.",2
"Armor Games",3
Array,6
ArrowGroundGames,1
"Ars Creativa",2
Art-Pulsar,1
"ARTE France",1
"Artem Bondin",1
"Artem Kotov",2
ArtemizGame,1
"Artery Games",5
"Artery Studios",2
"Arthur Kariev",2
"articy Software GmbH & Co. KG",3
"Artifex Mundi",30
"Artifex Mundi sp. z o.o.",11
"Artifice Studio",3
Artisiti,1
"Artizens, Inc.",2
Artnumeris,1
Artplant,1
"Artur Games",2
"ASBO Interactive",1
"Aslan Game Studio",1
ASoundEffect.com,11
"Aspyr ",5
"Aspyr (Mac & Linux)",41
"Aspyr (Mac and Linux)",3
"Aspyr (Mac)",27
"Aspyr (Mac, Linux)",22
"Aspyr (Mac,Linux)",1
"Aspyr Media, Inc.",5
"Asteristic Game Studio",1
"Asteroid Base",1
"Astra Game Studio",1
"astragon Entertainment GmbH",15
"astragon Sales & Services GmbH",1
"astragon Software GmbH",4
"Astral Byte",2
Astrosimer,1
Astrosnout,1
Atapki,1
Atari,40
"Atari Inc.",1
"Atelier 801",1
"Aterdux Entertainment",3
"Atlinks Corporation",1
ATLUS,10
"Atlus U.S.A., Inc. ",1
"Atom Republic",1
"Atomic VR Inc.",1
"AtomicTorch Studio",2
Atriagames,4
"Atypical Games",1
"Augusta Software GmbH",1
"Aundre Rogers",1
AuraLab,1
"Auroch Digital",2
Autarca,1
Autodesk,2
"Automata Source",1
"Autotivity Entertainment",1
"Autumn Games",8
"Avalanche Studios",2
"Avanquest Software Publishing Ltd",1
"Avatar Creations",3
AVE,1
"Avenged Sevenfold",1
Aventurine,1
"Avidly Wild Games",1
AvrDragon,2
"Awesome Games Studio",3
AwesomeBlade,1
AweSwan,1
"Awfully Nice Studio",1
"Awfully Nice Studios",1
"Awoker Games",1
"Axed Game Studio",1
"Axel Shokk",1
"Axis Game Factory",3
"Axis Game Factory LLC",5
"Axis Game Factory, Inc.",1
"Axis Game Factory, LLC",1
"Axis Games",3
"Axolot Games",1
"Axyos Games",1
"Ayyo Games",1
b,1
"b-alive gmbh",13
"BA Productions LLC",2
"Back To Basics Gaming",19
"Backstab Games",1
"Backward pieS",1
"Bacq Stellan",2
"Bad Seed",1
"BadFly Interactive, a.s.",2
Badim,1
"Badland Games",2
"Badland Indie",3
"Badland Studio",1
"Baggy Cat",1
"Bakershah Games",1
"baKno Games",1
"Balcony Team",1
"Baller industries",2
"Ballistic Frogs",1
"BANDAI NAMCO Entertainement",2
"BANDAI NAMCO Entertainment",82
"BANDAI NAMCO Games",23
"BANDAI NAMCO Games Europe",1
Bandello,2
"Bankroll Studios",1
"Bare Mettle Entertainment",1
"Barkalar Games",2
"Barnstorm Games",1
"Barnyard Intelligence Games",1
"Baroque Decay",1
"Bartosz Bojarowski",1
"Basaltic studio",1
"Basecamp Games",2
"Basilisk Games",4
"Bat Country Games, LLC",1
"Batholith Entertainment",2
"Batterystaple Games",1
"Battlebard Games",1
BattleByte,1
"BattleGoat Studios",3
"Batu Games LLC",1
"BBC Worldwide",1
"BBEW BBEW LLC",1
"BBEW BBEW, LLC",2
"BBQ Games",1
"BDG Studios",1
"Beach Interactive",1
"Beam Team Pty Ltd",1
Beamdog,4
BeamNG,1
"Beast Mode Games",2
"Beatnik Games",2
Beatshapers,1
"BeautiFun Games",2
"Bedtime Digital Games",2
"Behaviour Digital",1
"Behold Studios",2
"Behtam Developer",1
"Beldarak Games",1
"Ben 'Yahtzee' Croshaw",1
"Ben Prunty Music",1
"Benjamin Bryant",1
"Benjamin Lapid",1
"Benjamin Rivers",1
"Benji Bananas",1
benmakesgames.com,1
BernhardM,1
"Bernt Andreas Eide",1
"Berserk Games",4
"Best Gaem Studio",1
"Best Way Soft",18
BetaDwarf,2
"Betelgeuse Zero",1
"Bethesda Game Studios",1
"Bethesda Softworks",53
"Beyond Technical",1
beyondthosehills,1
"Biart Company LLC",4
"Big Ant Studios",5
"Big Ant Studios (Steam)",2
"Big Fat Alien",1
"Big Fat Simulations Inc.",4
"Big Fish Games",22
"Big Fish Games, Inc.",1
"Big Robot Ltd",2
"Big Sandwich Games",4
"Bigben Interactive",13
"Bigger Boat",3
Bigosaur,1
"BigScreen, Inc.",1
BigSims.com,8
"Bigzur Games",1
"Bill and Eli Productions",1
"Binary Cocoa",1
"Binary Fortress Software",2
"Binary Takeover",3
"BioWare Corporation",1
"BISBOG SA",1
Bisonia,1
"Bit Blot, LLC",1
"Bit Kid, Inc.",1
"Bit Mass, LLC",1
"Bit Planet Games, LLC",4
BIT-GEN,1
"Bit2Good Ug",1
"Bitbox Games",1
"Bitbox Ltd.",1
"Bitbox S.L.",2
"BitCake Studio",1
"bitComposer Games",24
"bitComposer Interactive GmbH",2
"BiteTheBytes GmbH",1
"BitFinity ",1
"Bithell Games",2
"Bitmen Studios",1
"BitMonster, Inc.",2
"BitSits Games",1
"bitSmith Games",2
"Black Carbon",1
"Black Chicken Studios, inc.",1
"Black Cloud Studios",4
"Black Curtain Studio",1
"Black Delta",1
"Black Dog ",1
"Black Forest Games",8
"Black Golem",1
"Black Jacket Studios",2
"Black Lime Studio",8
"Black Maple Games",1
"Black Market Games",2
"Black Mist Studios",1
"Black Pants Studio",3
"Black Sheep Games",1
"Black Sheep studio",1
"Black Shell Media",71
"Blackcow Studios",1
"Blackfire Games",1
"BlackFoot Studios",1
"Blacklight Interactive",1
"Blackmill Games",1
"BlackMoon Design ",1
"Blackpowder Games",2
"Blackrose Industries",1
"Blacksea Odyssey",1
BlackStarGames,1
"Blackthorn Media LLC",1
"Blackthorn Media, LLC",1
"Blake Fix",1
"Blake Garner",1
blamedrop,1
BlankMediaGames,1
BlauwPrint,1
"Blaze Epic",8
"Blaze Gamers",1
"Blazing Bit Games",1
"Blazing Griffin",1
"Blazing Griffin Ltd",1
"Blazing Griffin Ltd.",4
Bleank,1
"Blender Foundation",1
"Blender Institute",1
"Blendo Games",7
BlewScreen,1
"Blind Mind Studios",4
"BlinkWorks Media",1
"blizzy Games",1
"Blockland LLC",1
"Bloober Team",1
"Bloober Team SA",3
"Bloodshadow Games",1
"Bloodwolf Studio",1
"Blooming Buds Studio",1
"Blowfish Studios",4
"Blubox Soft",1
Bludgeonsoft,1
"Blue Bottle Games",2
"Blue Brain Games",1
"Blue Budgie Studios",1
"Blue Isle Studios",1
"Blue Label Studio",1
"Blue Mammoth Games",4
"Blue Mana Entertainment",1
"Blue Manchu",1
"BlueGiant Interactive",5
"BlueLine Games",9
Bluestrike,1
"Bluish-Green Games Inc.",1
blurredVision,2
Blyts,1
"BME Digital Studios",1
"Bohemia Interactive",40
Bohfam,1
"Bolder Games",1
"Boll AG",1
"Bombdog Studios",1
"Boncho Games",2
"Bongfish GmbH",1
Boogygames,1
"Boomzap Entertainment",1
"Bootsnake Games",1
"Born Ready Games",4
"Born Ready Games Ltd.",2
"Boss Baddie",2
"Bossa Studios",6
"Bouchard Industries",1
"Bounce Entertainment ",1
"Brace Yourself Games",1
"Brain and Nerd Ltd",1
"Brain Blinks",2
"Brain Candy",1
"Brain Seal Ltd",1
"Brainbox Software",1
Brainchild,4
"BrainCraft Gaming",1
BrainDistrict,1
BrainGoodGames,2
"Brainwashing games",2
"Brainy Studio LLC",1
"Brandon Brizzi",3
Brawsome,4
"Bread Vision Studios LLC",1
"Bread Vision Studios LLC.",1
Breakfall,2
"Breakout Studio",1
"Brendon Pywell",1
"Bretwalda Games",1
BRHP,1
"Brian Cronin",1
"Bright Lanterns",1
"Brightside Games",1
"Brilliant Skies Ltd.",1
"BRINK 3D",1
"Brisk Mobile Inc",1
"Broken Rules",3
"Broken Window Studios",1
"Bromoco Games",1
"Brothers Flint",1
"Brushfire Games",2
"Brutal Studio",1
"Bryan Gale",1
"BSK Games",1
"BTD Team",1
BTNcafe,1
"Bubble Head Games",1
"Buff Studio Co.,Ltd.",1
"Buffalo Vision",2
BUG-Studio,2
Bugbear,1
"Bugbyte Ltd.",2
Bugendai,1
"Buka Development",1
"Buka Entertainment",52
Bulbware,2
"Bulkhead Studios Corporation",1
BulkyPix,18
"Bulldog Interactive",1
Bunnycopter,1
"Burak Dabak",1
"Burgoon Entertainment, LLC.",1
"Burian Media Enterprises",1
"Burnin Ape",1
"Burning Dog Media",1
"Burrito Studio",1
"Butlerstyle Entertainment",1
Butterflyware,1
"Butterscotch Shenanigans",2
"Byte-UP Co., ltd.",1
Bytebin,1
"ByteRockers' Articy GmbH & Co. KG",2
"ByteTrail Software",1
"Byulbram Studio",1
"C63 Industries",3
"Cadence Games",1
"Cadenza Interactive",3
"Caged Element Inc.",1
Caiysware,3
"Cake Collective Games",1
Cakewalk,95
"Calvin Weibel",1
"Calvino Noir Limited",1
Camaquem,1
"Camel 101",1
"Cameron Baxter",1
"Campo Santo",2
"Camshaft Software",1
"Candella Systems Ltd",2
"Candescent Games, Inc",1
"Candlelight Studios",1
candyrocketstudio,1
"Cannibal Interactive",1
"Cantina Games and Entertainment, Inc.",1
Capcom,127
"Capcom Co. Ltd",1
"CAPCOM Co., Ltd.",12
"Capcom U.S.A., Inc",7
"Capcom U.S.A., Inc.",54
"Capybara Games",4
"Caravel Games",1
"Carbon Games",4
"Cardboard Computer",1
"Cardboard Keep",1
"Cardboard Utopia",1
"Carlos Coronado",1
"Carlotta Tatti",1
"Carlsen Games",1
"Carmine T. Guida",1
"Carpe Fulgur LLC",7
"Cartoon Network",1
"Cartoon Network Games",3
"Case in Point Studios, LLC",1
CashcowGames,1
"Castle Pixel, LLC.",1
"CastleAbra Studios",1
"Castro Brothers",1
"Casual Labs",2
Casualogic,2
"CAT IN JAR GAMES",1
"Cats Who Play",1
"Causal Bit Games Inc.",1
"Caustic Creative",1
"Cavelight Entertainment",1
"CBE Software s.r.o.",4
CCG,1
CCP,10
"CD Jones",1
"CD PROJEKT RED",6
"Ceiba Software and Arts",1
"Celeris ",2
"Celestial Games",1
"Cellar Door Games",1
"Cellbloc Studios",1
"Celsius Game Studios",1
"Cemil Tasdemir",1
"Chad Alan Cuddigan",1
"Chain Studios",1
"Chainsawesome Games",2
"Changyou.com Limited",5
"Channel 4",2
"Chaosoft Games",1
Chaphat,1
"Charlie Evans",1
"Charlie's Games",1
CharlieH,1
"Charlies Games",2
"Charyb Games",1
"Chasing Carrots",3
"Cheerful Ghost",2
"Cheese and Bacon Games",1
"Chequered Ink Ltd.",1
Cheritz,5
"Cherry Co. Studios",2
"Cherry Pie Games",1
"Cherry Pop Games",4
"ChessBase GmbH",1
Chewa,1
"Chicken in The Corn",1
chickeninthecornstudio,1
"Chilled Mouse",5
Chillingo,6
"ChiVue Games",1
"Choice of Games",59
"Choice Provisions",6
"Chondrite Games",1
"Chris Christodoulou",1
"Chris Chung",1
"Chris Hopkin",1
"Chris Johnson",2
"Chris Larkin",2
"Chris McFarland",2
"Christ Laurenz Sambrano",1
"Christian Reuter",1
"Christine Love",4
"Christopher Cinq-Mars Jarvis",2
"Chromatic Dream",1
"Chronic Logic",3
"Chronicle Bench",1
"Chronicle Games",1
"Chubby Pixel",4
Chucklefish,7
"Chucklefish Games",1
"CI Games",22
Cinemaware,2
"CINEMAX, s.r.o.",10
"Cipher Prime Studios",7
"Circle Five Studios",1
"Citeremis Inc.",3
"City Interactive",1
CivilSavages,5
Clapfoot,1
"Clarus Victoria",1
"Claudio Panzanaro",1
CleanWaterSoft,2
"Clever Endeavour Games",1
Clever-Plays,1
Cleverweek,7
"Clewcat Games",1
"Cliax Games",1
"ClickShake Games LLC",1
Clickteam,6
"Clickteam LLC",1
"Cliffhanger Productions",13
"Climax Group",1
"Clockwork Wolf",1
ClorithStudio,1
"Close Studios",1
"Cloudhead Games ltd.",1
"Clouds and Blue",2
"CloudTheWolf Games",2
"CM Softworks",1
CMI,2
"CoaguCo Industries",2
"Coal Car Studio Ltd.",1
Coatsink,1
Cobalt-57,1
"Cobra Mobile",4
Cococucumber,1
"Code Avarice",1
"Code Hatch Corp",1
"Codebrush Games",2
Codemasters,69
"Codename Entertainment Inc.",1
"Codex Worlds",1
Code}{atch,2
"Coffee Stain Studios",21
"Cold Beam Games",4
"Cole Neumann",1
"ColePowered Games",1
"Colibri Games",2
ColloseusX,1
"Colludium Ltd",2
"Colonthree Enterprises",1
"Colopl NI",1
"Colossal Wreck",1
"Common Dreams Media",2
"Commotion Games Pty Ltd",1
ComonGames,1
"Compulsion Games",1
"Concrete Games",1
"Condition One",1
"Conflux Games",1
"Console Classics",12
Contingent99,1
Convex,1
"Cool Mini or Not",1
"Cooply Solutions",1
"Copenhagen Game Productions",1
Copybugpaste,1
"Corbomite Games",1
Coredumping,1
"Cornfox & Bros.",1
"Corrosive Studios LLC",6
"Cosimo Menga",1
Cosmi,4
"Cosmic Cow LLC",1
"Cosmic Logic",2
"Coty Getzelman",1
"CounterCurrent Games",1
"Cowardly Creations",3
"Cowboy Color",1
COWCAT,1
"CP Decision",1
CPsoft,3
"CRACKED PISTON LLC 2014",1
"CrackerJack Games",1
Crackshell,1
"Craig Daversa",1
"Craig Gibbs",1
"Crank Goblin",1
"Crankshaft Games",2
Cranktrain,1
"Crashable Studios",2
"Crate Entertainment",1
"Crayder Studios",1
"Craze Creative Studios",2
"Crazy Monkey Studios",1
"Crazy Rocks Studios",1
"CRAZYDIAMOND CO., LTD.",1
Creability,1
"Creaky Corpse Ltd",1
"Creative Storm Entertainment",1
Crecatsoft,1
Creoteam,2
"Crescent Moon Games",5
"Crescent Moon Games, LLC",1
"Crian Soft",2
"Crimson Duck Studios",1
"Crimson Owl Studios",1
"Critical Bit",1
"Critical Games",3
"Crocodile Entertainment",1
Cross-Product,2
"Crothers Games",1
"Crowbar Collective",1
Crowbox,1
"Crows Crows Crows",1
"Crunching Koalas",1
"Crunchy Games",1
"Crunchy Leaf Games",1
"Crusty Squirrel",1
"Crytek ",12
"Crytek GmbH",3
"Crytivo Games",2
"CS Squared Games",1
CSR-Studios,1
"Cubed Productions LLC",1
"Cubic Pie",2
"Cuddly Zombie Games",1
"Cult Software",3
"Culture Attack Studio",1
cupholder,1
"Curious Panda Games",1
"Curious Planet",1
"Curse Box Studios",1
"Curvature Systems",3
"Curve Digital",15
"Curve Studios",5
"Cuveet Story",1
"cwade games",1
Cyan,1
"Cyan Worlds",8
Cyanide,8
"Cyanide Studio",11
"Cyanide Tea",2
"Cyber Rhino Studios",1
CyberCoconut,1
cybercritics,1
CyberLink,7
CyberphobX,1
"CyberSports Ltd",1
"Cybertime System",1
"Cybertron Design Studios",2
CydoniaGate,1
"Cylight Studios",2
Cylne,1
"Cypress Inheritance LLC",1
D-Games,1
D3,1
"D3 Go!",1
"D3 Publisher",5
"D3DGear Technologies",1
D3Publisher,3
"D3Publisher of America, Inc.",15
"Da Picky Monkey",1
"Daedalic Entertainment",57
"Dagestan Technology",14
Dahlenburg,3
Daikatana,1
"Daisy Maze Games",1
Damaged,2
"Damian Sommer",1
"Dan  Walters",1
"Dan FitzGerald",1
"Dan Fornace",1
"Dan Games",1
"Dan Walters",2
"Dancing Developers",1
"Dancing Devils",2
"Dancing Dinosaur Games",1
"Dangerous Derk Interactive",1
"Daniel Davies",2
"Daniel Kim",1
"Daniel Mullins Games",2
"Daniel Riley",1
"Daniel Wright",1
DanielDavisGames,2
Dan_D,1
"Dapper Swine",1
"Dark Amber Softworks",1
"Dark Artz Entertainment",1
"Dark Castle Software",2
"Dark Day Interactive",3
"Dark Energy Digital Ltd.",1
"dark made games",1
"Dark Roast Entertainment",2
"Dark Seas Interactive",1
"Dark Vale Games LLC",1
"Dark-Spot Studio",1
"DarkArts Studios",3
DarkElite,2
"darkForge Games LLC",1
DarkGod,4
"Darklight Games",1
"DarkStar Games",1
DarkTigerDevelop,1
"Data Realms",1
"Data Realms, LLC	",1
"Data Realms, LLC",1
"Date Nighto",2
davevillz,2
"David Amador",1
"David Capello",1
"David Lawrence",1
"David M.",1
"David Mccue",1
"David Newton",2
"David OReilly",1
"David S Gallant",1
"David Stark",1
"David Szymanski",4
"David Teruel",1
"David Wehle",1
"David Williamson",1
"Davioware and Quazi",1
"Day Dreamer Games",1
"Daybreak Game Company",42
"Daylight Studios",2
"Days of Wonder",13
"DDD Wares",2
"Dead Mage",4
"Dead Shark Triplepunch",1
DEADBIT,1
"Deadbreed AB",8
"Deadghost Interactive",1
"Deadline Softs",1
"Deadly Red Cube",1
DeanForge,1
"DebonosuWorks Inc.",1
Decane,1
"Decent Software LLC",1
"Deceptive Games",1
Deck13,13
"Deck13 Interactive GmbH",2
"Deco Digital",2
"Dedication Games",2
"Dedication Labs",1
"Deep Silver",116
"Defiant Development",2
Defroids,1
"Defroids team",1
"Defrost Games",1
"Defy Media, LLC",1
Degica,192
"Degica Co., Ltd.",3
"Deion Mobile",1
"Deirdra Kiai Productions",2
"Dejobaan Games, LLC",8
DEKDEV,1
"Delirium Studios",1
"DeltaNova Studios",1
Demigiant,1
"Demon Wagon Studios",1
Demruth,1
"Denis Esie",1
"Denis Lapiner",1
"Dénis Múrias",1
"Derek Baird Music (ASCAP)",1
"Descendent Studios Inc.",1
"Desert Owl Games LLC",1
"Desert Owl Games, LLC",5
DesktopPaints,1
"Destructive Creations",2
"Dev Arc",1
"Developers Pack",1
"Devespresso Games",1
devFluid,1
DEVGRU-P,1
"Devin Sherry",1
"Devlover Digital",1
Devoga,1
"Devolver Digital",90
"Devolver Digital and Croteam ",2
"Devolver Digital Films",74
"devotid Media",2
"Devovler Digital",1
"Dewdrop Games",1
Dexmes,1
DeXP,1
"DEZ Studio",8
"DFour Games",1
DGform,1
"Dharker Studio",20
"Diabolical Mind",1
"Die Gute Fabrik",2
"Diego Acevedo",1
"Diego Rodrigues",1
"Dietrich Squinkifer",1
DiezelPower,2
"Different donut",1
"Different Tuna",1
"Diffusional Arts",1
"Digerati Distribution",19
"DiggerWorld Ltd.",1
"Diggidy.net, LLC",2
"Digital Confectioners",2
"Digital Crafter",1
"Digital Dreams Entertainment LLC",1
"Digital Dreams V.O.F.",1
"Digital Eel",5
"Digital Entertainment",1
"Digital Extremes",6
"Digital Happiness",4
"Digital Homicide Studios",11
"Digital Homicide Studios LLC.",1
"Digital Leisure Inc.",5
"Digital Media Workshop",1
"Digital Tentacle",1
"Digital Tribe",30
"Digital Tribes",2
"DigitalDNA Games LLC",1
Digitallion,1
Digitalmindsoft,2
DigitalWorldEntertainment,1
"Diios Games©",1
"Dima Kiva",2
"Dimecoin Games, LLC",1
"Diminished Studios",1
"Dimmdrive Inc.",1
"Dingaling Productions, LLC",2
"Dingo Games",2
"Dinofarm Games",1
"Dinosaur Polo Club",1
"DiPi Games",1
Disastercake,1
"Dischan Media",1
"Discovr Labs",1
"Disney Interactive",227
"Disparity Games",1
"Displace Media",1
"Dissident Logic",2
"Divergent Game Studio",2
"DMD 'Ware",1
"DMD Enterprise",1
"Dmytry Lavrov",2
"DnS Development",4
"DNZY Games",1
"Doctor Entertainment",4
"Doctor Entertainment AB",3
"Dogenzaka Lab",9
DolaSoft,1
"Dolores Entertainment",2
"Dolphin Barn",1
"Dominique Grieshofer",1
"Donley Time Foundation",1
"Donut Games",1
"Doomsday Games",1
"Doomster Entertainment",2
"Doppler Interactive",1
DopplerFrog,1
"Dorado Games",4
"Doragon Entertainment",1
"Dot Dream",1
dotBunny,1
DotEmu,9
"Double Action Factory",1
"Double Damage Games",1
"Double Eleven",5
"Double Eleven Limited",1
"Double Fine Presents",3
"Double Fine Productions",17
"Double Plus Good Games",1
"Double Stallion Games",1
"DoubleBear Productions",3
"Doublesix Games",5
"Dovetail Games",98
"Dovetail Games - Fishing ",1
"Dovetail Games - Flight",94
"Dovetail Games - Livery",1
"Dovetail Games - Trains",280
"Dovetail Games -Trains",1
"Dovetail Games – Trains",1
Doyodo,1
"DQ Team",4
"Drafthouse Films",1
"Drafthouse, FilmBuff",1
Dragom,1
"Dragon Fire Games Inc",1
"Dragon's Games",1
DragonSix,1
Draknek,2
Dreadbit,1
"Dreadlocks Ltd.",1
"Dreadlocks Mobile, Silicon Jelly",1
"Dream Catcher Chronicles",1
"Dream Forge Entertainment, LLC",1
"Dream Reactor",1
"Dream Within",1
Dreamatrix,6
"Dreamloop Games",1
"DreamSail Games",1
"Dreamsite Games",1
DreamsSoftGames,5
Dreamworlds,2
"DrinkBox Studios",4
Droog71,1
Drool,1
DropDGames,1
"Droqen's Games",1
"Drowning Monkeys Games",1
"Dry Cactus",1
"DSK Green Ice Games",1
"DSK Studios Pvt. Ltd",1
"dSky9, Inc.",1
dsquare,1
"DTP Entertainment",3
"Duaik Entretenimento",2
Dualhaze,1
"Dubrovkin Sergei",1
"DuCats Games Studio",1
Duckbridge,2
"Duckvalley Productions",1
"Duct Tape Games",1
Duelboot,1
Duion,1
"Dumativa Creative Studio",1
"Dumb and Fat Games",1
Dumbfounded,1
"Dusenberry Martin Racing",5
"Dust Scratch Games",2
"Dustin Gunn",2
dustinaux,1
Dvaput,3
"Dwarves Might Fly",1
dwCrew,1
"DYA Games",2
"Dykast Lubomir",1
"Dylan Fitterer",3
"Dylan Loney",1
"Dylan Wentz",1
Dysotek,1
"Dzung Phung Dinh",2
"E&Z Studio",1
"E-Line Media",2
"E.Q. Games LLC",1
"Eagle Dynamics",5
"EasyAntiCheat Ltd",1
"Eat Create Sleep",2
"Ebonscale Games",2
"Echidna LLC",1
"Eclipse Games",2
"Ectoplasm Studio Inc.",1
"Edd Coast",1
"Eddy Games",1
"EDE ARCADE",1
"Eden Industries",3
"Edge Case Games Ltd.",1
"Edge of Reality",3
"Edmund McMillen",3
"Edmund McMillen, Florian Himsl",1
eduweb,3
"Eerie Bear Games",1
"Effat Effati",1
EfimovMax,1
Eforb,2
Eggcode,1
"Eglathia Games",1
Egosoft,14
EightyEightGames,2
eigoMANGA,5
"Ejoy Games",1
EJRGames,3
"Eko Software",2
ektomarch,1
ElagoTech,2
Elecorn,1
"Electric Eggplant",1
electrolyte,3
"Electronic Arts",74
"Electroplasmatic Games",2
Elefantopia,1
"Eleon Game Studios",1
"Elev8 Games",1
"ElevenSeventy, LLC",2
"Elijah Newman-Gomez",1
"Ellada Games",1
"Elliptic Games",2
"ELYLAND  INVESTMENT COMPANY",1
"ELYLAND  INVESTMENT COMPANY LIMITED",11
"ELYLAND  INVESTMENT COMPANY Ltd",8
Emad,1
"Emberheart Games",1
"eMedia Music",2
"Emerald Activities",1
"Emeryon games",1
"Emilios Manolidis",1
"Emmanuel Salva Cruz",2
Empires,1
"Empty Clip Studios",2
"En Masse Entertainment",16
Encore,2
"Endeavor One Inc.",1
"Endemol Shine UK",1
"Endgame Studios",1
"Endless Loop Studios",8
"Endlessfluff Games",2
"Endnight Games Ltd",1
"energy milk",1
Engient,1
Enitvare,2
"EnjoyUp Games S.L.",1
ENKSoft,1
"Enlight Entertainment Europe Ltd.",1
"Enlight Software Limited",9
"Enlightened Games",1
"Enormous Elk",1
"Enrick Lambert",1
"Enter Main Loop",1
"Entheogen Studios LLC",2
"Entrada Interactive LLC",1
"Enzo Whyte",1
"Epic Devs LLC",1
"Epic Games",1
"Epic Games, Inc.",5
"Epic LLama",1
"Epic Quest  Games",1
"Epic Quest Games",8
"Epic Quest Games Studios INC",1
"Epic Quest Games USA",1
"EpicHouse Studios LLC",1
"EpicQuest Games",1
"EpicQuest Games Inc",1
"Epiphany Games",2
Epixx.org,1
Eplixe,1
"EQ Games",4
"Erdem Sen",1
"Eren Ayd?n",1
Erichermit,2
"Erik Svedäng",2
"Erik Svedäng AB",1
erm...,1
"Ern? Király",1
erobotan,1
"Erosa Games",1
"Erotes studio",3
"Escalation Studios, Inc",1
"Escape Hatch Entertainment, LLC",2
"Escape Velocity Limited",1
"Essence Ltd.",1
"ESTsoft Inc.",1
"Estudio Raed Wulf",1
"Etter Studio",2
"EuroVideo Medien",6
"EuroVideo Medien GmbH",1
Eutechnyx,22
"Evallis Entertainment",1
"Evan Todd",2
"Evan Tognotti",1
Evergreen,1
Eversim,8
"Everything Unlimited Ltd.",1
EVGA,1
"Evil Aliens",1
"Evil Indie Games",1
"Evil Twin Artworks",2
"Evilized productions",4
"Evolutionary Games",1
"Evolved Games",1
"Exato Game Studios",1
"Excalbur Games",1
Excalibur,12
"Excalibur Publishing",1
Exkee,3
exoa,1
"EXOR Studios",6
"exosyphen studios",15
"Expansive Worlds",2
"Experimental Gamer Studios",1
"Explosive LLC",1
"Exquisite Games",1
"Extend Studio",1
"Extrokold Games",1
"Eyebrow Interactive",2
"Eyemobi Ltd.",1
EZDesigner,1
"Ezzat Studios",1
"Fabian Jarrett",1
"Fabio Ferrara",2
Fabraz,1
"Facepalm Games",1
"Facepunch Studios",2
"Factus Games",6
"Failbetter Games",1
"Fair Weather Studios, LLC",1
Fakedice,1
"Fallen Tree Games Ltd",2
FallenMaster,2
"Fancy Fish Games",8
"Fantasy Flight Games",1
"Fantasy Flight Publishing, Inc.",2
"Faris Mohammed",1
Farjay.com,1
"Farlight Games Industry",1
FarrugiaSoft,1
"FarSight Studios",5
"Farsky Interactive",2
"FarSpace Studios",2
"Fastermind Games",1
"FAT BOMB STUDIOS, LLC",1
"Fat Loot Games",1
Faton,2
Fatshark,11
Fayju,1
"Felix Wunderlich",2
"Fenghuang Game",1
"Fenrir Studios",1
"Feral Interactive (Linux)",143
"Feral Interactive (Mac)",221
"Fermenter Games",2
"Ferocity 2D",1
"FFF Bayern",1
"Fifth Dimension Company",1
"Fighting Games",1
"Filament Games",1
Filimundus,1
"Filip Victor",1
FilmBuff,8
"Final Boss Entertainment",1
"Final Form Games",2
"Finalspark Gamestudios",1
"FingerPunch Games",1
"Fingertip Games UK",1
Finji,4
"FiolaSoft Studio",4
"Fire Hose Games",2
"Fire Panda Ltd.",1
"Firebase Industries Ltd.",1
"Firebrand Games",1
"FireFly Studios",14
Firemint,1
"Fireproof Games",2
"Fish Eagle",4
"Fish Factory Games",1
"Fish Factory Media",1
"Fishing Cactus",2
"Fishing Planet LLC",1
"Fistful of Frags Team",1
Fivang,1
"FIVE-BN GAMES",10
"FIX Games, Co. LTD",1
"FIX Korea",1
"FIX Korea, Co.LTD",1
"Fixer Games",1
"Fixpoint Productions",1
"Fixpoint Productions Ltd.",2
"Flaming Pumpkin Ltd",1
"Flat Earth Games",2
"Flatbox Studios LLC",1
"Flatline games",1
Flazm,4
"FleetCOMM Technologies LLC",1
FlexileStudio,1
"Flight Systems LLC",1
Flightless,1
"Flippfly LLC",1
"Flix Interactive",1
"Floating Brain Limited",1
"Flox Studios Ltd.",3
"Fluffy Kitten Studios",1
FlukeDude,1
"Fluxscopic Ltd.",1
"Flyhigh Works",1
"Flying Cafe for Semianimals",2
"Flying Helmet Games",1
"Flying Interactive",9
"Flying Mollusk",1
"Flying Mollusk, LLC",1
"Flying Wild Hog",4
"Flyleap Studios",1
"Flyleap Studios Pty. Ltd.",1
"FlynnFour Games",6
FNGames,1
"FOAM Entertainment",1
"FobTi interactive",2
Focus,1
"Focus Home Interactive",83
"Focus Multimedia",2
"Focus Studios",1
"Fomochkina Margarita",1
"FOO VR, Inc.",1
"For All To Play",3
"Force Of Habit",2
Forcequitapplicatons,1
Foreignvr,1
"Forever Entertainment S. A.",26
"Forever Humble PDX",3
"Forgotten Empires LLC",2
"Forthright Entertainment",1
"Fortress Forever",1
"Fossil Games",1
"Four Lights",3
"Four Winged Studio",1
FourbitFriday,1
"Fox Interactive",1
"Fractal Phase",1
FrameLineNetwork,1
"FrameLineNetwork Kft.",1
Fraoula,1
"Freakinware Studios",2
"FreakZone Games",1
"Fred Wood",1
"Free Range Games",1
"Free Reign Entertainment",1
"Freebird Games",3
Freedomize,1
"Freehold Games",2
Freejam,1
Freekstorm,2
"Freeze Tag Inc.",1
FreezeNova,2
Fresh3D,2
"Frictional Games",7
Fridge,2
friendlyOctopus,1
Frima,1
"Frima Originals",1
"Frima Studio",3
Frogames,5
"Frogdice, Inc",2
Frogmind,2
"Frogsong Studios AB",1
Frogwares,11
"From Nothing Game Studios",2
"From Soy Sauce LLC",3
"FromSoftware, Inc",6
"FromSoftware, Inc.",2
"Frontier Developments",6
"Frost Earth Studio",1
"Frostcloud Studios",1
"Frozen Dev",2
"Frozen Flame",2
"Frozen Yak Entertainment",1
Frozenbyte,11
"Fruitbat Factory",24
"Full Control",6
"Full Control Studios",2
FullPowerSideAttack.com,1
"Fully Bugged",1
"FUN Creators",1
"Fun Infused Games",3
Fun4Family,2
"Funatics Software",1
"Funbox Media Ltd",23
Funcom,16
"Funcraft Games",2
"Fungameco Ltd",1
"Funhill Games",1
Funkitron,2
"Funktronic Labs",3
"Funny Games Group",1
"Funselektor Labs Inc.",1
"Furiously Inactive Games",1
"Future Proof Games",2
"Future Studios",3
"Future US, Inc.",1
Futuremark,10
Futuretown,4
FutureVisionsGames,1
"FX Interactive",2
FXpansion,1
"G-Boot Games",1
"G.rev Ltd.",1
G2CREW,2
GabberGames.com,1
"Gaddy Games",1
"Gadget Games",1
"Gag A Maggot Entertainment, LLC.",2
"Gaijin Entertainment	",4
"Gaijin Entertainment",20
"Gaijin Entertainment Corporation",2
"Gaijin Games",14
"Gaijin inCubator",1
"Galactic Bits, Inc",1
"Galactic Cafe",2
GalaxyTrail,2
"Galina Ananeva",1
"Galvanic Games",1
Gambitious,1
"Gambitious Digital Entertainment",18
"Game Factory Interactive",4
"Game Insight",8
"Game Mechanics LLC",1
"Game Studio Abraham Stolk Inc.",2
Game-Labs,2
"GameArt Studio GmbH",8
Gameblyr,1
"Gameforge 4D GmbH",4
Gameguyz,1
"GameIndica Entertainment",2
GameLooper,1
GameMill,2
"GameMill Entertainment ",5
Gamephase,1
"Gamepot, Inc.",3
Gamerizon,2
Gamersfirst,7
"Games by Robert, LLC",1
"Games Faction",2
"Games Farm",6
"Games For Tutti",1
"Games Foundry ",1
"GAMES in FLAMES",1
"Games Starter",3
"Games With Dragons In",1
Games4Kids,1
GamesBoosters,3
GamesCafe,1
GameShark,1
GamesStarter,1
Gamestarter's,1
"Gamestarters Publisher",1
Gamestorming,3
"Gametek Brasil",1
"GameUS Inc",1
"GameUS Inc.",1
Gamevial,2
"Gameware Studios",1
"Gamieon, Inc.",1
"Gamigo AG",2
"Gaming Cats Studio",1
"Gaming Corps AB",1
Gamious,2
GammaLateral,1
Ganz,2
"Garage Monkey Studio",1
"Garden Knight Games",1
"Gaslamp Games, Inc.",5
"Gateside Games",1
"Gatling Goat Studios",2
"Gato Salvaje S.L.",2
"Gazillion Entertainment",4
"GCE, LLC",1
"GDT Limited",1
"Gearbox Software",5
"Gears for Breakfast",1
"Geek Sloth Games",1
GeekBeach,1
"Geeta Games",1
GeexGames,1
"Genee Network",2
"Genera Games",1
"Genetix Studio",1
"Gennady Guryanov",1
GenomGames,3
"Gentle Ghouls",1
"Gentleman Squid Studio",1
"Gentlemen in Tuxedos",1
"Geoff Keighley",3
Geomertex,1
"Gergely Zsolnay",1
GG-Works,1
"Ghost Crab Games",1
"Ghost Machine",8
"Ghost Town Games Ltd.",1
"Ghostlight LTD",48
"Giant Army",2
"Giant Box Games",1
"Giant Enemy Labs",1
"Giants Software",6
"Gigatross Games",6
"Gillis LLC",1
Gindie,1
"Ginger Labs LLC",1
"Ginormocorp Holdings Ltd",2
"Giorgi Abelashvili",2
Glanderco,1
"Glass Bottom Games",4
"Glass Knuckle Games",3
"Glitchy Pixel",1
"Global Empire Soft",1
"Glowstick Games",1
"Gnarled Scar Manipulations",1
"Gneu LLC",2
"gnifrebel Games UG",1
"Gnomic Studios",2
"Goatee Games",1
"Goblin Portal",1
"Goblinz Studio",1
"Godot Engine",1
GoffaGames,1
"Going Loud Studios",1
"Goldhawk Interactive",1
"Gonzo Games",1
"Good games",1
GoodVole,2
Google,1
googumproduce.com,1
"GP Games",1
GrabTheGames,24
"Gracious Films Ltd",1
"Grandpa Pixel",1
"grapefrukt games",1
gravdev,1
Graveck,1
GraveFan,1
Graviteam,3
"Gravity Europe",1
"Gravity Europe SAS",49
"Gravity Games UG (haftungsbeschränkt)",1
"Gravity Interactive",9
"Gravity Interactive, Inc.",2
"Great Cogs",1
"Green Lava Studios",1
"Green Man Loaded",14
"Green Sauce Games",1
"Greenheart Games",1
"Greens s.r.o.",1
"Greeny Games Studio",1
GrendelGames,2
"Grey Alien Games",2
"Grey Box",3
"Gridlock Interactive",1
"Grimm Bros, LLC",1
"Grinding Gear Games",1
"Grip Games",2
"Grizzly Wolf Games LLC",1
"Ground Control Studios",1
"Ground Shatter",1
"Ground Up Games Pty Ltd ®",1
"Groupees Interactive",2
"Grubby Monster Games",1
"Grunge Games LTD",1
Grynsoft,2
"Grzegorz Slazinski",2
"GSC Game World",5
"GSC World Publishing",9
"GSProductions Ltd.",2
GTGD,4
"Guard Crush Games",2
"Guerrilla Bandit",1
"GuGames DEV",1
"GuGames Development",1
Gugila,1
GuidiGermano,1
Gun.,2
"GungHo Online Entertainment America, Inc.",3
"Guru Games",2
"Guy Godin",1
"Guys From Andromeda LLC",1
"H2 Interactive Co., Ltd.",7
"HA Studio ltd.",1
"Hailstorm Games",1
"Hajime Doujin Circle",3
"Half-Life 2: Short Stories Team",1
Halfbus,1
Halycon,1
"Halycon Media",1
"Hammer Glass Studio",2
"Hammer Labs",2
"Hammerfall Publishing",1
"Hammerware, s.r.o.",1
"Hamster On Coke Games",1
"Hanaji Games",1
"Hanako Games",8
"Handelabra Games Inc.",2
"HandMade Game",2
"Handsome Dragon Games",1
"Handsome Games",1
Hangonit,1
"Hapa Games",1
"Happion Labs",1
"Happy Box Games LLC",1
"Happy Polygon",1
"Happy Tuesday",1
HappyGiant,1
"Hard Disk Publishing",1
"Harebrained Holdings",3
"Harmonix Music Systems, Inc",1
"Haruneko Entertainment",2
"Hassey Enterprises, Inc.",5
"Havishamone Games",1
"Hazardous Software",1
"Hazardous Software Inc.",2
"Haze Games",1
"HB Studios",1
"HCP Games",1
HCPGames,1
"HD Publishing",3
"HE SAW",1
"Headless Wizard",2
"Headtrip Games llc",1
"Headup Games",41
"Heart Machine",2
"Heart Shaped Games LLC",1
"Heartbit Interactive",3
"Hearthfire Studios",1
Heartomics,2
"Heathen Engineering",1
"Heliocentric Studios",1
"Hellbent Games",1
HellconX™,1
"HellconX™ Games",1
"HellconX™ Studio",1
"Hello Games",2
"Hello There AB",2
"Helsinki Noir",1
"Hemisphere Games",2
"Hempuli Oy",2
"Henchman & Goon",1
"Hendrik Felix Pohl",1
"HeR Interactive",31
"Here Be Dragonz",1
HeroCraft,5
"HeroCraft, Ltd.",1
"Herrero Games",2
"Hesketh Studios",1
"Hex Keep",1
Hexage,3
"Hexdragonal Games",1
"HexWar Games",5
"Heydeck Games",1
"HFM Games",1
"Hi-Rez Studios",6
"Hidden Path Entertainment",8
"Hidden Path Entertainment, Inc.",1
"High Horse Entertainment",1
"Highcliffe Media Publishing",1
"Himalaya Studios",3
"Hinterland Studio Inc.",1
Hippomancer,2
"Hit the Crow",1
"Hitbox Team",1
Hitcents,3
"HJO Creations",1
"Holgersson Entertainment",2
"Holotech Studios",2
"Holy Priest",1
"Holy Warp",4
"Homa Design",1
"Home Groan Games",1
"Homegrown Games",1
"Homemade Games",1
"Honor Code, Inc.",1
Hoobalugalar_X,1
"Hoplon Infotainment",1
"Hopoo Games, LLC",1
"Hörberg Productions",2
"HORN & IVRY",1
"Hosted Games",18
"Hothead Games",6
"House House",1
"House of Wire",1
Housemarque,1
"Hoven Indies",1
HTC,1
Huebotics,1
"Human Head Studios",1
"Humongous Entertainment",35
"Hungry Planet Games",1
HuniePot,5
"Hunted Cow Studios",1
"Hunter Gatherer Games",1
"Hunter Studio",1
"Hut 90",1
"Huy Phan",2
"Hybriona Labs",1
Hydezeke,2
"Hydrant Games",2
"Hydro Games",1
"Hyper Hippo Games",6
"Hyper Hippo Productions Ltd.",1
"HyperBerry Games",1
"HyperDrive Games",1
"HyperKat Games",3
HyperPub,1
Hypersect,1
HYPYRYL,1
"I Fight Bears",1
I-Illusions,2
"i273 LLC",2
"Ian Campbell",1
"Ian MacLarty",1
"Ian Snyder",1
Ibology,1
"Ice Shovel Soft",1
"Ice Water Games",2
"Ice-pick Lodge",1
"Iceberg Interactive",45
"Iced Lizard Games",2
"Iceflake Studios",3
"Icetesy SPRL",1
"iconical Ltd.",1
"Icy Donut",1
"Icy Studios",1
"id Software",26
"Idea Factory International",51
"Idea Factory International, Inc.",2
"Ideum, Inc.",2
"iEntertainment Network",2
"iEntertainment Network Inc",1
"iFun4all Ltd.",2
Ignishot,1
"Ignition Entertainment",1
"Ignition Games Inc.",1
Igry.ru,1
"IKEA Communications AB",1
"ILIKESCIFI Games",2
IllFonic,1
IllusoryWorldEntertainment,1
"Illwinter Game Design",4
"Image Space Incorporated",4
Image&Form,2
"Imaginary Monsters",1
"Imagination Vent, LLC",1
IMakeGames,1
"Imbanova Entertainment Inc.",1
"IMCGAMES Co.,Ltd.",5
IME,1
IMGN.PRO,3
"Immanitas Entertainment",2
"Immanitas Entertainment GmbH",8
"Immersed Games",1
"Immersive Douro",1
"Immersive Entertainment, Inc",1
"Immersive VR Education Ltd.",2
"Immortal Game Studio",1
"Immunity Studios",1
"Impartial Studios",1
"Imperia Online LTD",1
"Impromptu Games",2
"Impulse Game Studios, LLC",1
"Inane Games",1
"Incandescent Games",2
"Incandescent Imaging",2
"Inception Soft",1
"increpare games",2
"iNDEE SOLO",1
Independent,1
"Indie Developer",1
"Indie Game - None",1
"Indie Stone Studios",1
"Indie Voyage",1
IndieGala,3
IndieKeep,1
indiemaatheus,1
IndiePub,1
Indietopia,1
"Indietopia Games ",2
Indievision,1
"Indimo Labs LLC",1
"Individual Software",24
"Indomitus Games",3
"Industry Games",1
"Inertia Game Studios",1
"Infamous Quests",2
"Infernum Games GmbH",4
"Infinitap Games",1
"Infinite Dreams sp. z o.o",2
"Infinite Monkeys Entertainment Ltd.",1
"Infotread, LLC",2
initials,2
"iNK Stories",1
"inkle Ltd",3
"Inky Mind UK",4
"Inky Mind UK Ltd",1
"Inmatrix LTD",2
"inner seas",6
"Innerspace VR",1
"Innervision Games",1
Insane,1
"Insane Dreamers",1
insayn,1
InselGames,2
"INSGAMES LIMITED",8
"INSIDE SYSTEM",1
"Insomniac Games",1
"Instant Kingdom",2
"INSTEAD Community",1
"Instinct Software Ltd.",1
"Interabang Entertainment",2
"InterAction studios",11
"Interama - Interactive Technology",1
"Interbellum team",2
"Interceptor Entertainment",3
Intercido,1
"Interdimensional Games Inc",1
INTERMARUM,1
"Internal Games",1
"International Games System, Co., LTD.",1
Interplay,1
"Interplay Corp",1
"Interplay Entertainment Corp.",4
"Interplay Inc.",14
"InterWave Studios",1
"INTI CREATES CO., LTD.",4
"Intropy Games",1
Introversion,1
"Introversion Software",10
"Inventive Dingo",2
InvertMouse,17
"Investigate North",1
"Invoker Studios",1
INVRSE,1
"inXile Entertainment",10
"inXile Entertainment, inc.",1
IObit,1
"Iocaine Studios",1
ioneo,1
"IonFX Studios",1
"Ionising Software",1
"Ionized Games",1
iosoftware,2
"IP Builders",1
IP-Builders,1
IPACS,4
IPBuilders,1
"iPi Soft ",3
"IQ Publishing",2
iRacing,1
"iRacing.com Motorsport Simulations",1
"Iridium Studios",1
"IRIS VR Inc.",1
"Iron Bit",1
"Iron Galaxy Studios",1
"Iron Galaxy Studios, LLC",2
"Iron Tower Studio",1
"Ironclad Games",1
"Ironcode Gaming",1
"IronDrop Studios",1
"Ironhide Game Studio",1
"irritatingFLY studio",2
"Isaac Cohen",1
"Isaac Nichols",2
ISOTX,7
"isTom Games Kft.",2
"Itanimulli Games",1
"Iteration 11",2
"Ithaqua Labs",1
"Itsfine Games",1
"IV Productions",6
"Ivan Zanotti's MyMadness Works",1
"Ivanovich Games",3
"Ivy Games",1
"Ivy Games LLC",1
iWin,23
"Jace Masula",1
"Jack Twin",1
"Jackbox Games, Inc.",14
"Jackson Clarke",1
Jagex,6
"Jake Huhman",1
"James Id",1
"James Smith",1
JAMgames,1
"Jan Zizka",2
Jarbit,1
"Jardel Elias",2
"Jarrah Technology",1
"Jason Free",1
"Jason Oda",1
"Jason Rohrer",3
"Jason RT Bond",1
"JAST USA",5
"Jaunt Inc.",1
"JAVELIN OÜ",2
Jay-Run,1
Jayanam,1
"JC Planet",1
JDM4iK,2
"JE Software",1
"Jean-Baptiste Simillon",1
"JED GAMES",7
"Jeff Trier",1
"Jeffrey Nordin",1
Jemy,1
Jenito,1
"Jeroen Wimmers",1
"Jerome Bodin",1
"Jesper The End",1
Jespertheend,1
"Jesse Barksdale",1
"Jesse Makkonen",2
"Jet Set Games",2
JetCatGames,1
"Jetdogs Studios",12
"JForce Games",1
JH12world,1
Jigxor,1
"Jimbob Games",1
"JMJ Interactice",1
"JMJ Interactive",2
"Joakim Sandberg",2
"Jochen Mistiaen",1
"Joe Richardson",2
"Joe Williams",1
"Johan Aronsson",1
"Johannes Eski",1
"John Bardinelli",1
"John Cullen",1
"John Lawrence",1
"John Szymanski",1
"John Wizard",5
"Jon Harwood Creations LLC",1
"Jonas Kyratzes",1
"Jonathan BRASSAUD",1
"Jonathan Mulcahy",1
"Jonathan Öhrström",1
"Joona Vartiainen",1
"Jordan Sendar",1
"Jordan Taylor",1
"Jose Andres Vázquez Mártinez",1
"Joshua Missile",1
"JoyBits, LTD",2
Joycity,1
JoyMasher,3
"JRB Technologies",1
"Ju Cai",1
"JUDOBABY INC.",2
"Juggernaut Games",1
Jugilus,1
"Juicy Beast",1
"Juicy Beast Studio",1
"Jujubee S.A.",2
"Julia Games",1
"JumpCore Productions",1
"Jumping Llamas",1
"JumpStart Games, Inc.",1
"Jundroo, LLC",2
"Juniper GmbH",1
"Juri Schupilo",2
"Just a Game",1
"Just A Game GmbH",2
JustPlayNow,1
"K Monkey",1
Kabam,7
"Kajak Games",2
KaleidoGames,1
"Kalypso Media",1
"Kalypso Media Digital",106
"Karaokulta Games",3
"Karateka LLC",1
"Kardfy Studios",1
KarjaSoft,2
"Kasedo Games",11
"Kastriot Sulejmani",1
Katapult,1
Kavcom,2
"Kazakov Oleg",3
KBJGames,1
"Kbros Entertainment",1
"KBros Games",1
"kChamp Games",1
"Keen Games",1
"Keen Software House",4
"Keinart Lobre",2
"Kelkafa Studios",1
KEMCO,1
Kenney,1
"Kenny Sun",3
Kerberos,5
"Kerberos Productions Inc.",17
"Kerim Kumbasar",1
"Ketos Games",1
"Keys of Nine Entertainment",1
KHB-Soft,2
khos85,3
"Kickbomb Entertainment LLC",1
Kiddy,1
"Kieffer Bros.",1
"Kiemura Ltd",1
"Kihon Inc.",1
"Kikiwik Games",1
"Killer Lobster",1
"Killer Teapot Games",1
"Killerfish Games",1
"KillHouse Games",2
"Killjoy Games",1
"Killmonday Games HB",3
"Kimmo Lahtinen",1
"Kindermann Corp.",1
"KING Art Games",1
"King Crow Studios",2
"Kingdom Games",3
"KinifiGames LLC",1
KintoGames,2
"Kirill Belman",1
"Kiritsu Games",1
"Kisareth Studios",3
"KISS ltd",149
"KITATUS STUDIOS",1
"Kitfox Games",2
"Kittehface Software",3
KIXEYE,1
"Kiz Studios",1
"Klei Entertainment",14
"Klei Entertainment Inc.",1
"Klonk Games",2
Kloonigames,2
"Knuckle Cracker",1
"KO GmbH",2
"Kobra Studio",1
"Koch Media",15
"Koch Media GmbH",1
KochMedia,2
"KOEI TECMO GAMES CO., LTD.",51
"KOG Games",10
"Koga Tech Limited",1
"Kokua Games",1
"Konami Digital Entertainement GmbH",1
"Konami Digital Entertainment",25
"Konami Digital Entertainment GmbH",6
"Konami Digital Entertainment, Inc.",9
Konsordo,3
Kosek.com,1
"Kot in Action Creative Artel",6
Kotach,2
"Koya Game",1
"KO_OP mode",1
"KP games",1
"Kraftix Games",1
"Kraken Games",2
"KranX Productions",5
Krealit,3
"Kreatoriet AB",1
"Krillbite Studio",3
"Kristen Cheely ",1
"Krita Foundation",1
"Krome Studios",4
"Kronosaur Productions",2
KrupinskiArt,2
Krutovig,1
"Krystian Majewski",1
Kubold,1
Kuchalu,1
Kumobius,2
"Kuno Interactive",1
"Kunos Simulazioni",2
"kunst-stoff GmbH",1
"Kupi Key",1
KupiKey,1
Kurechii,2
"KURONEKO SOFT",2
"Kursed Studios",1
"Kut Stupid",2
"KWL Productions",1
"Kyle Pulver",1
"Kyle Seeley",1
"Kyy Games",1
"L&K Logic Korea",1
"La Moustache Studio",1
LAB4242,1
"LabLike Sp. z o.o.",1
Labory,1
"Lace Games",3
"Lached Up Games",1
"Lacuna Corporation",1
"Lag Studios",1
"Lagun Victor",1
"Landfall Games",2
"Lantana Games",2
"Larian Studios",7
"Laser Guided Games",1
"Laser Guided Games, LLC",1
"Laser Unicorns",1
"Last Day of Work",12
"Last Dimension",2
"Last Life Games",2
"Last Lotus",2
"Lavaboots Studios",2
"Lawrence Russell",1
"Layer games",2
Layernet,1
"Laylio Games",1
"Lazy Bum Games",1
"Lazy Games Studio Ltd",1
"Lazy Monday Ltd",1
"LDC Studios",1
"Leadwerks Software",3
"Leafy Games",1
"League of Geeks",2
"LearnDistrict Inc.",1
"Legacy Games",4
"Legend Studio",3
"LeGrudge & Rugged",1
"Leikir Studio",1
"Lemondo Entertainment",1
LemonOrange,1
"Lemonsucker Games",1
"Level Eight AB",1
"Level Up Labs",2
"Leveled Games",1
"Lever Games",2
"Lewis Bergin",1
"Liber Primus Games",1
"Librarium Studios",1
Libredia,42
Liens,2
"LifeSpark Entertainment",1
LigaGamesStudio,1
"Light Echo",1
"Light Step Games",1
"Light Vision Interactive",4
"Lightbulb Crew",3
"Lighthouse Games Studio",1
"Lightmare Studios",1
"Lightning Man Media ",1
"Lightning Rock",1
Lightsoutgames,1
"Limasse Five",1
"Limevision Studios",1
"Liminal Games",1
"Lince Works",1
"Linden Lab",1
LInsoDeTeh,1
Lionsgate,3
LionSword,1
"Little Cloud Games",1
"Little Games Company",1
"Little Orbit",19
"Little Star Media Inc.",1
"Little Worlds Interactive",1
littleGigantic,1
"Liu Lidan",1
"LiveItGames LLC",1
LKA,1
"Llamasoft LTD",2
"LLC Anngames",1
"Lo-Fi Games",1
LoadComplete,1
"Loading Home",1
"Lock 'n Load Publishing",1
Locojoy,1
Locomotivah,3
"Logic Artists",2
"Logic tree",1
"Lohika Games",1
"Loiste Interactive",1
"Lonely Troops",10
"Long Division LLC",1
"Longbow Games",2
LookAtMyGame,4
"Loomus Games",1
LootBit,1
"Lord Bytesworth",1
"Lord Kres",2
"Lord Puggington Games",1
"Loren Lemcke",1
"Lorenzo Games",1
Lorestrome,1
"Lost Decade Games",2
"Lost Spell",1
Lostwood,1
"Loudpak Studios",1
"Love Conquers All Games",4
"Love in Space",1
"Luandun Games Pte. Ltd.",1
"Lucas Molina",2
"Lucas Parise",1
"Lucas Wilde",1
LucasArts,35
Lucasfilm,31
Lucasfim,1
LucasGame,1
"Lucid Games Ltd",2
"Lucid Sight, Inc.",2
"Lucky Brograms",1
"Lucky Frame",3
"LUCKY GIRLS LIMITED",1
"Lucky Pause",1
"Lucky You Studio",2
"Ludeme Games",1
Ludochip,1
"LudoCraft Ltd.",1
"Ludomo Gamestudio",1
Ludosity,7
"Ludosity Interactive",1
"LuGus Studios",2
"Luis Calva",1
"Luis Ruiz",1
"Lukas Jaeckel",1
"Lukas Navratil",1
"Luke Godfrey",1
"Luke Haney",1
"Luma Films",1
"Lumenox ehf",2
"Lunar Giant Studios",3
"Lunar Labs",1
"Lunar Ray Games",1
"Lupus Studios",1
"Lupus Studios Limited",3
"LW Games",1
LWNA,1
"M. Yuriy",4
m07games,1
M2H,3
"Machine 22",3
"Machine Bear® Software e Games",1
"Machine Studios",1
Machineman1357,1
MachineSpirit,1
"Mad Catz",9
"Mad Data GmbH & Co. KG",2
"Mad Goblin Games",1
"Mad Otter Games",2
"Mad Ram Software",1
"Made With Monster Love",1
"MadMan Theory Games",1
"Madruga Works",1
"MAG Studios",3
"Magenta Factory",2
"Magic Notion",1
"MAGIC Spell Studios",2
"Magical Hackers",1
MagicalTimeBean,2
MAGICS,1
"MAGIX Software GmbH",23
"Magnetic Realms",1
"Magnetic Studio",1
magnussoft,1
"MAIET Entertainment",1
Mail.ru,1
"Maithonis Studios",1
Majesco,6
"Majesco Entertainment",6
"Major Games",1
"Making Fun, inc.",1
"Makivision Games",4
"mamor games",3
"Mana Games",2
Mandlebar,2
MangaGamer,16
"Mangatar Games",1
"Mango Protocol",1
"Manic Game Studios",2
"Mannequin Games LLC",1
"Mantis Games",1
Manyland,1
MAQL,4
marbenx,1
"Marc Ellis",1
"Marcelo Barbosa",1
"March Entertainment",1
"Marco Tancredi",1
"Marjupi Games",1
"Mark Chong",1
"Mark Healey",1
"Marmalade Technologies",1
"Marmalade Technologies Ltd",2
"Marmoset LLC",2
"Martin Veilleux",2
"Maruf ARTUKO?LU",1
Marvelous,13
"Marvelous Europe Ltd.",1
"Marvelous USA, Inc.",6
MarvelousAQL,4
"MarWin Studios",1
Marxnet,1
"Masangsoft, Inc.",1
"MASAYA GAMES",1
Maschinen-Mensch,1
"Mason Lindroth",1
"Massive Damage, Inc.",1
"Massive Game",1
Mastertech,1
Mastertronic,33
"Masthead Studios Ltd",2
Mastiff,2
"Mastiff Games",1
"Mastiff LLC.",1
"Math Nerd Productions, LLC",2
"Matrix Games/GMX Media",1
"Matt Gadient",2
"Matt Makes Games Inc.",1
"Matt Roszak",2
"Matterhorn Software LTD",1
"Matthew Brown",6
"Matthew C Cohen",1
"Matthew Coyle",1
"Maurice Pape",1
"Max Gaming Technologies, LLC",1
"Max Peskov",1
"Maximum Games",3
Maxistentialism,1
"Maya Gameworks",1
"Mayhem Games USA",2
"MCDERMOTT TECHNOLOGY, L.L.C",1
"McMagic Productions",1
"Mechabit Ltd",2
"Mechanical Butterfly Studios",3
"Mechanist Games",1
"MeDungeon Ltd.",1
"Meerkat Gaming",1
"Mega Dwarf Inc.",1
"Megastorm Games",1
"Membraine Studios",1
Merge,1
"Merge Games",55
Meridian4,85
Merixgames,1
Messhof,2
MetalBear,1
"Metalhead Software Inc.",1
"Metanet Software Inc.",1
Metaware,2
"Metaware Limited, LLC",2
"Meteor Entertainment",3
"Meteor Shock",2
"Meteoric Games",1
"Mi-Clos Studio",4
"Michael Brough",2
"Michael Jendryssek",2
"Michael Porter",1
"Michael Todd Games",3
"Michael Zahniser",2
"Michaela Laws",2
MichaelArts,1
"Michal Brzozowski",1
"Michelle Jocelyn Mejía Macías",1
"Micro Factory Games",1
"Microblast Games",4
Microsoft,1
"Microsoft Game Studios",5
"Microsoft Studios",55
"MidBoss, LLC.",2
Midnart,2
"Midnight City",11
"Midnight Oil Games, LLC",1
"Mido Basim",1
mif2000,1
"Might and Delight",6
"Mighty Fox Studio",1
"Mighty Rabbit Studios",1
"Mighty Rocket Studio",2
"Miguel Lleras",1
"Mike Bithell",1
"Milestone S.r.l.",44
"Milkbag Games",1
"Milkstone Studios",4
"Milky Tea Studios",2
"Millenium Project Enterprises",1
"Millenway Studios",1
"Millia Soft",1
"Mimimi Productions",1
"Mind Crew",1
"MindBlocks Studio, LLC",1
"Minddesk Software GmbH",2
"Mindfield Games",1
"Mindoki Games",1
"Mindprobe Labs",1
"MindShaft Games, LLC",1
"MindShaft Games, LLC.",1
"Mindstorm Studios",2
"Mindware Co,.Ltd.",1
"Mini IT",1
MiniBoss,2
"MiniBoss, EQGAMES",1
Miniclip.com,2
"Minicore Studios",1
"Minindustries Game Factory",1
"Minion Productions Inc.",1
"MinMax Games Ltd.",3
"Minor Key Games",7
"Minority Media",2
"Minority Media Inc.",2
"Mint Arcade Ltd.",1
"Miolhr SM",1
Mirillis,1
"Mirillis Ltd.",1
"Miris Mind",1
"Mirko Seithe",1
"Misfits Attic",3
"Missing Link Games",5
Mixamo,2
"Mixed In Key",1
"Mizar Games",1
"MK game production",1
"MK-ULTRA Games",2
"MKDC Tech",1
MKLab,1
"Mladen Bošnjak and Ron McDowell",1
MLB.com,2
MoaCube,3
MobileBits,1
"MOCBJ Software",2
"Mode 7",9
"Mode 7 Limited",1
"Modern Paradise Media Inc.",1
"Modern Visual Arts Laboratory",1
Modesty,1
"Modulaatio Games",2
Moenovel,1
Mografi,1
Mojang,3
Moleworks,1
Moltenplay,1
"Moment Studio",2
"Momiji Studios",1
"Mommy's Best Games",4
"momoStorm Entertainment",1
"Mongoose Net Ltd.",1
"Monkeybin AS",1
MonkeyMaw,1
"Monochrome LLC",1
"Monochrome, Inc",2
"Monogon Games",1
"Monomi Park",1
"Monster VR",1
"Monte Cristo",1
"Moob Pub Games",1
"Moon Spider Studio",1
Moondrop,1
"Moonlight Mouse",1
"Moonlit Studios",2
Moonpod,4
"Moonradish Inc.",1
"Moonshark, Inc.",1
"Morenori Soft",1
Morgondag,1
"Morgopolis Studios",1
"Morozov Sergey",1
Morphiks,1
"Morphodox Studios",1
Mossmouth,1
MouldyMattress,1
"Mountain Sheep",1
Mousechief,3
"Moving Pixel Games",1
"Moving Player",1
MovingBlocks,1
"Mozg Labs",1
"MPR ART Hallucinations",1
Mrray,1
Mudvark,1
"MuHa Games",1
Multi-Form,2
MumboJumbo,57
"MURA Interactive",2
"Mure VR",1
Murudai,2
"Muse Games",6
MuseumSyndicate.com,1
"Muzzy Lane Software",2
My64K,1
"MyDream Interactive, Inc",2
"Myhtyn Interactive",1
MyLifeGame.RU,2
"Myra D'Ann",1
"Myrolit Studios",1
"Mystic Box",2
"Mystic Games",2
Mystik'Art,2
"Mythical City Games",1
"N A GA Entertainment",1
N/A,5
"N3V Games",64
N94Games,1
NA,2
"Nacho Games",1
"Naiad Entertainment LLC",1
"Naked Sky Entertainment",2
Naloki,1
"Namazu Studios",1
"Namco Bandai",1
"NAMCO BANDAI Games",28
"NAMCO BANDAI Games Europe S.A.S. ",3
"Namco Networks America, Inc.",5
"NAMI TENTOU MUSHI, LLC",1
"Napoleon Games, s.r.o.",1
"Naps Team",1
"narayana games UG",1
"Narrow Monolith",2
NASA,1
"Naturally Intelligent",1
"Nauris Amatnieks",2
NCsoft,8
"ND Games",4
"Ndemic Creations",1
"Near Enough Games",1
"Neat Corporation",1
"Nefarious Dimensions Inc.",1
"Nekki GmbH	",1
"Nekki GmbH",1
"Neko Entertainment",15
"NEKO WORKs",2
neko.works,2
"Nekomura Games",3
"Nemesys Games",4
"Nemesys Team Studio",1
"Nemoria Entertainment",1
"Neo Red Entertainment",1
NeocoreGames,12
"Neojac Entertainment Inc.",1
Neomex-Games,1
NeoNight,1
Neotenia,2
"NEOTOKYO [MOD]",1
"Nerd Kingdom Inc.",1
"Nerd Monkeys®",1
"Nerve Software LLC",1
"Net Games Distribution LTD",2
"Net Games Laboratory",2
"Nether Productions, LLC",1
"Netmarble Games",21
"Network Studios Productions",1
NeuronHaze,1
"Never Don't Play",2
"Nevercenter Ltd. Co.",2
"Nevigo GMBH",2
Nevosoft,1
"NEW AUDIO TECHNOLOGY",1
"New Blood Interactive",2
"New Horizon Games",1
"New Life Interactive, LLC",2
"New Reality Games",24
"New Star Games",1
"New Star Games Ltd",2
"New State",1
"New World Interactive",2
"Newfa Games",1
NewWestGames,2
NewWorldCoders,1
"Nexeon Studios",1
"Nexeon Technologies",5
Nexon,3
"Nexon America",5
"Nexon America Inc",1
"Nexon America Inc.",11
"Nexon Europe",1
"Nexon Europe GmbH",4
"Nexon Europe S.a.r.l",4
"Nexon GT Co., Ltd",4
"Next Dimension Game Adventures",1
"Next Dimension Game Adventures Ltd.",4
"NextGen Pants, Inc",1
"NEXUS Studios, Inc.",1
NexyMedia,1
"NGD Studios",5
Nicalis,3
"Nicalis, Inc.",4
"Nicholas Hydock",2
"Nicholas Mallory",1
"Nick Donnelly",1
"Nick Everlith",1
"Nickervision Studios",1
"Nicky Ho",1
"Nicolas Games",4
"Nicolas Pierre-Loti-Viaud",1
"Niels Bauer Games",6
"Niffler Ltd.",8
"Night Dive Studios",94
"Night Light Interactive",1
"Night Node",2
"Night Node Software",2
"Night School Studio",2
NighthoodGames,1
"Niine Games",1
"NIKITA ONLINE",10
"Nikolai Patrakov",1
"Nimble Tools",1
Nimblebit,1
"Nimbly Games",4
ninagamers,1
"Nine Dots Studio",1
"Nine Tales Digital",2
"Ninja Kiwi",2
"Ninja Robot Dinosaur",1
"Ninja Theory",1
NinjaBee,2
NinjaBee.com,2
"NIS America",11
"NIS America, Inc.",4
Nival,17
"Nkidu Games Inc.",12
"NLB project",1
"No Goblin",2
"No Pest Productions",2
"No Publisher",1
"Noble Empire Corp.",8
"Noble Master LLC",2
nobodyshot,1
"Nocturnal works",1
"Nodbrim Interactive",1
NodziGames,1
Noego,1
Noetic,1
"Noetic Games",1
noiarc,1
"Nomad Games",26
"Nomad Games Limited",5
"Nominia Ltd",1
"Nonadecimal Creative",2
none,7
"None - Independent",1
"Nooner Bear Studio",1
Nooskewl,5
Noostyche,1
Nordcurrent,1
"Nordic Games",180
"Nordic Legacy",1
"Nordic Mist Games",1
"nornware AB",2
"North of Earth",2
"North Side",1
Northbrain,1
"Northway Games",4
"Not Doppler",1
"Not Magic",1
NotGames,2
"Notorious Games",1
"Noumenon Games",3
"Nova Dimension",1
NovaLogic,17
"Nowhere Studios",2
"Noyer Game Studios",1
Nozon,1
"NSE Circuit",5
NTTGame,1
NuclearFirecracker,1
nuGAME,1
"Nuke Nine",1
NukGames,1
Nuligine,3
nullplussoftware,1
"Numantian Games",3
"Number None",2
"Numinous Games",1
"Nunchuck Games",2
"Nurgo Software",1
NVLMaker,4
Nyamyam,1
"Nyu Media",40
"Nyu Media Ltd",1
"Oak Gear",1
"Oasis VR",1
"Oblion Studio",1
"Oblivionburn Productions",2
"Ocean Media LLC",3
"Octagon Interactive",1
"Octopus Tree",3
"Octoshark Studios",1
"Odd Comet Games",1
oddonegames,1
"Oddworld Inhabitants",6
"Oddworld Inhabitants, Inc",1
"Oddworld Inhabitants, Inc.",4
"oeFun, Inc.",2
OfficialTigerStudios,2
"Offpeak Games",1
"Offworld Games, LLC",1
"Offworld Industries",1
"OG-ZONE Digital Entertainment",1
OGPlanet,20
"Ohm Force",5
"OhNoo Studio",4
"OKAM STUDIO",1
"Okugi Studio",2
"Okugi Sudio",1
Oldblood,1
OlderBytes,1
"Oliver Keppelmüller",1
"OM ENTERTAINMENT",1
"Omega Games",3
"Omni Systems ",4
Omniconnection,1
"OMNIDREAM CREATIONS",2
"OMNIDREAM CREATIONS SRL",1
"On The Level Game Studios",2
"One Aperture",1
"One Legged Seagull",1
"One Man Band Games",1
"One Man Left Studios",1
"ONE MORE LEVEL",3
"One Wheel Studio",1
"One-bit Punch",1
OneBigGame,1
"Onipunks Studio Inc.",1
"Online Warmongers Group Inc.",1
"Only Human Studios",2
"OnNet USA INC",1
"ONVISION STUDIO LTD",1
oophok,1
"Oovee® Game Studios",1
"OP Productions",1
"OP Productions LLC",1
"OpenXcell Studio",1
"Opium Pulses Entertainment",2
"Orange Valley",1
OrangeGames,1
Orangepixel,5
"Orator Games",1
"Orbital Speed Stidio Co.,Ltd.",1
"Orbital Speed Studio Co.,Ltd.",1
"Ore Creative LLC",2
"Organic Humans",1
"Origin8 Technologies Ltd",1
"ORiGO GAMES",8
Orihaus,1
Orion,1
Orion_,1
Orlyapps,1
"Orphic Software",1
"Orthogonal Games",1
"Oruji Productions",1
"Oryon Entertainment",1
"Oryx Design Lab",1
"osao games",1
"Osaris Games",1
"Oscar Brittain",1
Oscilloscope,2
"Oscilloscope Laboratories",2
"OSnap! Games",1
"Osprey Publishing",2
OtakuMaker.com,15
"Other Kind Games",1
"Other Ocean Interactive",1
"otherland co-production GmbH",3
"Otherworld Interactive",2
"Out of the Park Developments",5
"Outer Grid Games LLC",1
"Outerminds Inc.",1
OutOfTheBit,2
"Outsider Games",1
"Over The Moon",1
"Over the Top Games",3
Overcurfew,2
Overflow,1
"Overhead Games",1
"Overhype Studios",1
ovos,1
"Owl Cave",5
Owlbear,1
"Owlchemy Labs",4
Owlnight,1
"Oxeye Game Studio",1
"P2 Games",1
"Paleo Entertainment",1
Paleozoic,1
"Panic Art Studios",5
"Panic Ensues Software",1
"Panic Inc.",2
"Panoramik Inc",1
"Pantera Entertainment",2
Panzar,4
"Panzar Studio",1
"Panzer Gaming Studios",3
"Paper Games",1
"Paperdog Games",1
Parabole,1
"Parabox Games",1
"Paradox Development Studio",2
"Paradox Interactive",273
"Parallaxian Pty Ltd",1
"Paranoid Productions",1
"Parody Games, LLC",1
"Partickhill Games Limited",1
"Particle Studios",1
Patagoniart,2
PatchNoteStudio,1
"Pathea Games",1
"Patrice Meneguzzi",2
"Paul Cooney",1
"Paul Eckhardt",1
"Paul Schneider",2
"Pavel Bulatov",1
"Pavel Zinchenko",1
"Payload Studios",2
"PD Design Studio",1
Peace,2
"Peach Pie Productions",1
Peaks,1
"Peaksel D.O.O. Nis",2
"Peculiar Games",1
Pelikan13,1
"Peltast Software",1
"Pen and Sword Games",2
"Penny Arcade, Inc.",2
"Penrose Studios",1
Pentavera,1
"Peoleo Entertainment",4
"Pepi Games",2
"Pera Games",1
"Perfect Square Studios",1
"Perfect World",3
"Perfect World Entertainment",20
"Perfect.Golf, Inc.",1
"Perilous Orbit",1
Permadeath,1
"Perpetual FX Creative",1
"Perro Electrico",1
"Persona and Pixel studio",1
PestoForce,1
"Peter Brinson and Kurosh ValaNejad",1
"Peter Gutenko",2
"Peter Hann",1
"Petite Fleur Productions",1
"Petite Games",1
"Petro Shoferystov",1
Petroglyph,11
Pezomi,2
"PGN Inc",1
"PGN Inc.",1
"Phantom Compass",1
"Phantom EFX",2
"Phaser Lock Interactive",1
Pheenix93,2
"Philip Day",1
"Philip Royer",2
"Philippe Forgeur",1
"phime studio LLC",3
"PHL Collective",1
pho,1
"Phoenix Game and Publisher Studio",1
"Phoenix Online Publishing",19
"Phoenix Online Studios",2
"Phoenix Studio",1
"Phosfiend Systems",1
"Phosphor Games",5
"Phr00t's Software",5
Phyrnna,1
Physmo,1
"Picorinne Soft",1
Pictopotamus,1
Pidroh,1
"Pieces Interactive",1
"Pigasus Games",1
PigelPix,1
"Piko Interactive LLC",3
PikPok,4
Pilgway,2
PillowPigGames,1
"Pinkapp Games",1
"Pinkerton Road Studio",2
"Pinterac Ltd",1
"Pipeteam Games, LLC",1
Piranaking,1
"Piranha Bytes Distribution UG&Co KG",3
"Piranha Games Inc.",5
"Pirate Software",1
Pirate-Rob,1
Pirozhok,3
Pixbits,1
"Pixel Barrage Entertainment, Inc.",1
"Pixel Blitz Studios",1
"Pixel Dash Studios",1
"Pixel Federation",1
"Pixel Ferrets",4
"Pixel Hero Games",1
"Pixel Maniacs",2
"Pixel Maverick Games",1
"Pixel Pi Games",2
"Pixel Prophecy",1
"Pixel Quality Games",1
"Pixel Theory Games",1
"Pixelante Game Studios",1
"Pixelated Cupcake",1
"Pixelated Panties",1
Pixelatto,2
PixelBeam,1
PIXELBUG,1
Pixeleap,1
"PixelFade Studio",1
Pixeljam,3
Pixellore,2
PixelNAUTS,2
"Pixelsaurus Games",1
"PixelTail Games",2
Pixeltales.ru,1
"Pixelz Games",2
"PIXOWL INC.",2
PIXYUL,1
"Plain Concepts Corp",1
"Planet Tobor",1
"Plastic Games",1
"Platoon Studios",1
"Play Publishing",1
"Play sp. z o. o.",6
"Playa Games GmbH",1
Playboom,2
Playbrains,10
Playdead,2
"Playdek, Inc.",2
PlayFirst,20
"Playful Art, LLC",1
"Playful Corporation",1
Playism,1
Playito,1
Playrix,3
"Playrix Entertainment",1
Playsaurus,1
"PlayStation Mobile Inc.",14
"PlayStation Mobile, Inc.",2
"Playtap Games",1
"Playway ",1
"PlayWay S. A.",2
"PlayWay S.A.",17
"Playwood Project",2
PlazSoft,3
"Plug In Digital",99
"Pocketwatch Games",1
"Poetic Justice Studios",1
pointfiveteam,1
"Poisson Rouge Interactica ltd",1
"PokerStars Mobile Limited ",1
"Polar Bunny Ltd",2
PolarityFlow,1
PolyDigital,2
"Polygon Art",1
PolyKid,1
"PolyKnight Games",1
"Polykroma Games",2
"polynation games ltd",1
"Polynetix Studio",3
"PolyPusher Studios",1
"Pom Pom Games",3
Pompaduo,1
"PomPom Games",1
"Poorwill Games",1
"Pop Sandbox",1
Popcannibal,1
PopCap,5
"PopCap Games, Inc.",67
"Poppermost Productions",1
Portalarium,1
Positech,3
"Positech Games",20
"PostMod Softworks",1
"Potassium Frog",1
POTOK,1
"Power Up to Maximum",2
Powerhoof,1
practicing01,1
"Praxia Entertainment Inc",1
"Precision Games, LLC",2
"Prexen Studios",1
"Primate Labs Inc.",1
Princesseuh,1
"Pringo Dingo Games",1
"Prism Studios",2
"Prismic Studios LLC",1
"Privateer Press Interactive",1
"Profenix Studio SRLS",1
"Professor Why",2
"Project tranquil",1
"Project Whitecard Studios Inc.",3
"Proletariat, Inc.",1
"Prologue Games",6
"Propelled Bird Software",2
"Proper Games",1
Proscenium,1
"Proteus Pixel",1
"Protomni Multimedia",1
"Prototype Games",1
"PST Team",1
"Psychic Software",3
"Psychotic Psoftware",2
"Psydra Games LLC",2
Psyonix,7
Psyop,1
"Psyop Games",3
"Psytec Games Ltd",2
"Pugsley LLC",1
"Pump Action Games",1
"Punk Games Studio",1
"Puny Human",3
"Puny Human Games",1
"Puppet Arcade",1
"Puppy Games",6
"Puppy Punch Productions",1
"PurePolygons Inc.",1
"Purple Nebula",2
Puuba,6
"Puzzle Lab",1
"Pwnee Studios",1
Pyrodactyl,2
"Q Entertainment Inc.",3
"Q-Games, Ltd.",2
"QCF Design",3
"QianZhiHuDong Network Technology Co., Ltd.",1
"Qiwi Games, LLC",1
"QMx Interactive",1
"QuadraTron Games",1
"Quadro Delta",1
"Quality Simulations",7
"Quandary Solutions LTD",1
"Quantized Bit",3
"Queen Birdface Productions",1
Question,3
Questtracers,1
"Quickfire Games",1
"Quiet River",1
"Qwiboo Ltd",1
"R&G Software",1
"R8 Games Ltd",1
"Rabid Design Studios",1
"RAC7 Games",1
"RaceRoom Entertainment AG",4
"Raconteur Games",1
"Rad Codex",1
"Rad Dragon",1
"Radial Games",1
"Radial Games Corp",1
"Radial Games Corp.",1
Radiangames,1
RadiationBurn,2
Radioactive-Software,1
radiostatic,1
"Rafael Barreto",1
"Rage Monster Games",1
"Rageborn Studio, LLC",1
"Ragequit Corporation",1
RageSquid,2
"Rails Simulator Development",1
RailSimulator.com,208
"Rain Games",2
"Rainbow Games",7
"Rainbow Goats Studio",1
"Rainbow Train",2
Rainssong,1
"Rainy Night Creations",1
"Rakarnov Studios",1
"Rake in Grass",4
"Rakesh Malik",2
"Ramjet Anvil",1
"Rampant Games",1
"Random Seed Games",1
"Random Thoughts Enterainment",1
"Randomnine Ltd",1
"Ranmantaru Games",4
"Raphael Gervaise",2
"Ratalaika Games S.L.",5
"Rational Social Projects Limited",1
Ratloop,1
"Ratz 'N' Godz",1
Ravegan,2
Ravenscourt,6
"Raving Bots",1
"Raw Fury",5
"Raw Lion Workshop",1
"Raxi Petrov",1
"RCTO Productions",1
rdein,1
rdt.32,1
Re-Logic,4
"React Games",2
"Reakktor Studios",1
"Real Dynamics",2
"RealAxis Software",2
realities.io,1
"Really Slick",2
Realore,14
"Reason Generator Inc.",1
Rebellion,38
"Recoil Games",2
"Recotechnology S.L.",2
"Red 5 Studios",1
"Red Abyss Software",1
"Red Barrels",3
"Red Beat",2
"Red Dahlia Interactive",1
"Red Dwarf Games",2
"Red Fly Studio",3
"Red Head Games",1
"Red Hook Studios",2
"Red Katana",2
"Red Level Games Inc.",1
"Red Meat Games",1
"Red Mount Media",2
"Red Nettle Studio",1
"Red Phoenix Studios",1
"Red Redemption",4
"Red Rocket Games",2
"Red Splat Games",3
"Red Thread Games",1
"Red Tree Games",1
"Red Wasp Design Ltd",1
"REDBANA CORPORATION",2
"RedLynx Ltd.",2
Redshift,2
"Reef Entertainment",2
"Reentry Games",1
"REEW GAMES",3
"Refactored Games OÜ",1
Refract,1
REFUGIO3D®,1
"Regal Computer Services",1
"Regimental Chess Inc.",1
reiti.net,1
Reiza,1
"Reiza Studios",3
"REL Games",1
"Relative Games",1
"Relentless Software",2
"Relevant Games",2
"Religious Studios",2
"Reloaded Games",4
reMaginarium,1
"Remal IT",1
"Remedy Entertainment",3
"Remedy Entertainment Ltd.",1
REMIMORY,3
Reminisce,1
"Render System Entertainment",2
"René Bühling",2
"Renegade Kid",1
"Renegade Sector Games",2
"Replay Games",1
"Reptile Games",1
"rest.less Games",1
Reto-Moto,9
Retrific,2
"Retro Affect",2
"Retro Army Limited",4
"Retro Dreamer",1
"Retro Game Crunch",2
"Retro Yeti Games",1
Retroburn,1
Retrocade.net,1
Retroism,49
"Retronic Games",1
"Reventador Games",1
Reverb,1
"Reverb Publishing",14
"Reverb Triple XP",16
"Reverie World Studios, INC",2
"Revival Productions, LLC",1
"Revolution Software Ltd",5
Rezoner,1
"RGCD.DEV LTD",2
RGCD.DEV.LTD,1
"Rhizome Games™",1
"Richard Markos",1
"Richard Seabrook",1
RichMakeGame,1
RiftyGames,2
"Right Pedal Studios",1
RigIT,1
"Rimlight Studios",2
"RIP Studios LLC",1
"Ripatti Software",2
"Ripper Games",1
Ripstone,14
"Ripstone Ltd",3
"Risen Phoenix Studios",1
"Rising Star Games",17
"Rising Sun Interactive",3
RisingHigh,1
"Ritual Entertainment",3
"Rival Games Ltd",1
"RMM Studios, LLC",1
"Roaming Ground Studio",1
"Rob Lach Games",2
"Rob Lach Games, LLC",1
"Robert Ayodele Mensah",1
"Robot Entertainment",20
"Robot Entertainment.",1
"Robot Gentleman",1
"Robot Invader",1
"Robot Loves Kitty",2
"Robotronic Games",1
"RobTop Games",1
"Rock Hippo Productions",3
"Rock Paper Games",1
"Rock Path Collective",1
"Rocket Bear Games",1
"Rocket City Studios, Inc.",1
"Rocket Jump",1
"Rocket-Engine Co.,Ltd.",2
"Rocketcat Games",1
"Rocketeer Games Studio, LLC",1
RocketWerkz,1
"Rockin Android",3
"Rockin' Android",10
Rockodile,1
"Rockstar Games",27
Rodaja,1
"Rodeo Games",1
"Roencia Game Creators",3
"Rogue Earth LLC",2
"Rogue Rocket Games",1
"Rogue Star Games",1
rokapublish,1
"rokapublish GmbH",3
"Roland Studios",1
"Roman Kozhukhov",1
"Roman Syrovatka",1
Romenics,1
"Ron McDowell and Kyle Polulak",1
"rondomedia GmbH",12
"rondomedia Marketing & Vertriebs GmbH",1
"Ronimo Games",49
"Room 8 Studio",1
Room710Games,3
"Roope Tamminen",1
"Rooster Teeth Games",1
"Rooted Concepts",1
"Roppy Chop Studios",1
"Rosebud Games",1
"RosePortal Games",1
roseVeRte,12
"Ross Edgar",1
Rotateam,1
"Rotten Mage",3
"Rovio Entertainment Ltd",1
"Rovio Stars",1
"Royal Polygon",1
"Royal Troupe",1
"RSUPPORT Co., LTD.",3
"RSUPPORT CO.,LTD.",1
"Rsupport Inc.",3
"Rubicon Development",2
Ruce,1
"Rudder Games",1
"Ruffian Games",1
"Runesoft GmbH",1
"Runestone Games Limited",1
RuneStorm,5
"Runic Games",3
"Running Pillow",1
"Running With Scissors",3
RunServer,6
"Rupeck Games",1
Russpuppy,3
"RUST LTD.",1
"Rusty Lake",1
Ruxar,1
"Ryan Jensen",1
"S Houben",1
"S.F. Bay Studios, Inc.",1
"S2 Games",2
"S82 Games",1
"Sabi Games",2
"Sad Panda Studios",1
"Saibot Studios",3
SaintBunny,1
SaintXi,2
"Sakari Games",1
"Sakari Indie",1
sakevisual,1
"Sakura River Interactive",3
"Sakuya Games",1
"Sam Albon",2
"Sam Barlow",1
"Samaritan Studios",1
"Samuel Manier",1
"Samuel Sprague",1
"Samurai Games",1
"Sand Sailor Studio",1
"Sandlot Games",19
"Sandswept Studios",3
"Sanityloss Studio",1
"Santa Ragione",2
"Sanuk Games",1
"Sapphire Dragon Productions",8
"Sarepta studio",1
"Sascha Hartleb",2
"Sasha Darko",4
Sassybot,1
Satshark,1
"Sauropod Studio",1
"Saved Games, Inc.",1
"Scarab Entertainment",1
"Scarlet Moon Records",1
"Scarlet String Studios",1
"Scary Bee LLC",1
"Schell Games",4
"Scherrer Medien GmbH",1
"Schine, GmbH",2
"Science: Gamed",1
"Scientifically Proven",1
Scirra,1
Scornz,1
"Scorpius Games",1
"Scott Cawthon",5
"Scrap Yard Productions, LLC",2
"Screaming Bee",4
"Screeching Wizard",1
"Screen 7",9
"ScrewAttack Entertainment LLC",2
"ScrewAttack Games",3
"Screwfly Studios",3
"Screwy Lightbulb",3
"SCS Software",42
SculptrVR,1
SDEnterNet,1
"Seabass and Gazelle Studios",1
"Sean HTCH and Joni Kittaka",1
"Seaside Digital Arts",1
Seattletek,1
"Seaven Studio",3
"Sebastian Krzyszkowiak",1
"Second Variety Games",1
"Secret Base",3
"Secret Exit Ltd.",2
"Secret Tunnel Entertainment",1
"Section Studios",1
"Sector3 Studios",1
SecuritySession.com,1
SEEP,1
SEGA,357
"Sekai Project",95
"Selenion Games",1
"Self Published",1
Self-Publish,1
Self-Published,1
Semanoor,1
"Semen Rodin",1
Senscape,1
Senshi.Labs,1
"Sentinential Games",1
"Seraphim Creations",2
"Serellan LLC",2
"Serenity Forge",3
"Sergey Bobrov",2
"Sergey Marchenko",1
"Sergio & Simon",1
"Serious Brothers",2
"Serious Games Interactive",5
Sesisoft,1
"Seven Sails Ltda",1
"SFB Games",3
"SFS Studios",1
"Shadebob Games",1
"Shadow Masters",4
"ShadowBrain Games",1
ShadowShifters,1
"Shaman Games Studio",5
"Shangri-La Game Studios Ltd",3
"ShareX Team",4
"Shark Punch",2
"Shark Tree Studios",1
ShaunJS,1
"Shawn Beck",1
"Shawn McGrath",1
Sheado.net,1
Sherman3D,1
"Shield Break Studios",2
"Shifty Chair Games",1
"Shining Rock Software LLC",1
Shinypix,1
"Shiro Games",2
Shit-Happens-Software,1
"Shiver Games",2
"Shoor Games",1
"Shorebound Studios",6
"Shortbreak Studios s.c.",4
"ShortRound Games",1
"Shotgun Surgeon",2
Shovsoft,1
"Shumkov Dmitriy",2
SiBear,2
"Siberian Digital",8
"Sickware Studios",1
"Sideline Amusements",1
Sidhe,3
"Sidhe Interactive",1
"Siege Games",1
"SIEIDI Ltd",1
Sierra,8
"Sigma Team Inc.",12
"Signal Studios",3
"SignHead Studio",2
"Signo & Arte",5
SilentFuture,2
"Silicon Echo",1
"Silicon Jelly",1
"Silk Games",1
"Sillysoft Games",1
"Silver Cow Studio",2
"Silver Dollar Games",1
"Silver Goblet Games",1
"Silver Lemur Games",1
"Silver Sphere Studios",2
"Silverlode Interactive",1
"Silverware Games, Inc.",1
"Sim155 Limited",1
SimaGames,1
SimBin,21
Simogo,1
"Simon Prefontaine",1
"Simon Says: Play!",2
"Simple Designs Software",1
SimplexGameStudio,2
"Simply Squared",1
"SimProse Studios",3
"Sinclair Strange",2
"Singe Studio",1
Sinister,1
"Sinister Design",1
SionoiS,1
"Sir Bedlam Productions",1
"Sirlin Games",3
Sixense,1
"Sixense Entertainment",1
"SixtyGig Games",2
"Size Five Games",4
"Sketchy Logic",1
"SKH Apps",1
"Skirmish Entertainment",2
"Skobbejak Games",3
skradone,1
"Skybound Interactive",1
"SkyBox Labs",1
"Skyboy Games",1
"Skydome Entertainment",2
Skygoblin,2
"Skyhook Games",1
"Skyjaz Games",1
"Skymap Games",1
Slam,2
"Slav Pankratov",1
"Sleepy Duck Educational Games",1
"Sleepy Studios",2
"Slick Entertainment Inc.",1
"Slightly Mad Studios",12
slimefriend,1
"Slitherine Ltd",1
"Slitherine Ltd.",87
Sluggerfly,1
"Small Room Games",1
"Small Town Studios",1
SmallGreenHill,1
"Smartly Dressed Games",2
"Smashball Labs LLC",1
SmashGames,2
"SmashMouth Games Ltd",11
"SmashRiot LLC",1
"SMD Gaming Studio",1
"Smestorp Limited",2
"SMG Studio",1
"Smilegate West",4
"Smit Parmar",1
"SmiteWorks USA LLC",1
"SmiteWorks USA, LLC",5
Smolders,1
SmoleVN,1
Smoodlez,1
SMP,1
"Smudged Cat Games Ltd",3
"Smyowl Game Studio",1
"Snail USA",3
"Snail-Ninja Studio",1
"Snails Animation",1
"Snake Hill Games",3
"Snapjaw Games GmbH",1
"Snapshot Games Inc.",2
"Snipefish Entertainment",2
"SNK Playmore",19
SnoutUp,1
"Snow Arc Studio Ltd.",1
"Snow Cannon Games",2
"Snowbird Games",5
SnowBiteGames,1
"Snowed In Studios",1
"Snowrunner Games",1
"Soccer Manager Ltd",4
"Social Loner Studios",2
SOEDESCO,1
"SOEDESCO Publishing",13
"SOF Studios Ltd",1
SoftPlanet,1
"SOFTSTAR Entertainment",1
"SOFTSTAR ENTERTAINMENT INC.",1
Sogoal,2
"Solanimus Inc.",1
"Soldak Entertainment",10
"Sole Propriotership",1
"Solecismic Software",1
"SolidFace Parametric CAD Drawing 2D",1
"SolidFace Technology Inc.",2
Solidplasma,1
"Solo Instinct",1
"Soloweb Studios",1
SomaSim,1
Some-Fish,1
"Sometimes You",15
Somi,1
"Songquito UG",2
"Sonic Boom Games",7
"Sonic Sloth",1
"Sony Creative Software",4
"Sony Online Entertainment",24
"Sony Online Entertainment, LLC.",2
Sorath,1
"Sos Mikolaj Kaminski",1
SouKing,1
"Soul Forge",1
"Soulid Studio",1
"Source Studio Ltd.",2
"South East Games",2
"SouthPeak Games",5
"Soviet Games",1
"Space Boat Studios",1
"Space Budgie",2
"Space Bullet Dynamics Corporation",1
"Space Wedgie",2
"Spaces of Play",1
"Spark Plug Games",1
"Spark Plug Games, LLC",1
Sparpweed,1
sparsevector,1
"Spasman Games",2
"Spawn Point",1
Spearhead,1
"Spearhead Games",6
"Special Circumstances",1
"Specialbit Studio",2
"Specter Game Studios",1
"Spectral Illusions",2
"Spellbind Studios",1
"Spicy Horse",1
"Spicy Horse Games",18
Spicyhorse,6
"Spicyhorse Games",1
"Spider Key Games",1
"Spiderling Studios",1
"Spiderweb Software",15
"Spike Chunsoft Co., Ltd.",2
SpikySnail,2
"Spiral Game Studios",1
"Split Polygon",1
Splitmedialabs,1
"Spooky Cat",1
"Spooky Squid Games",1
"Spooky Squid Games Inc.",1
"Spooky Star",1
"SpookyFish Games",1
"Sport1 GmbH",1
"Sports Mogul, Inc.",3
Spotkin,1
Springloaded,2
"Spry Fox LLC",2
Squad,2
square,1
"Square Enix",165
"SQUARE ENIX, Eidos Interactive",170
"Squatting Penguins",1
"Squid In A Box Ltd",3
Squiddershins,3
"Squirrelbot Games",1
"SRF Games",1
"Stained Glass Llama",1
"Stainless Games Ltd",4
Stamina-Games,1
"Star Maiden Games",1
"Star Vault AB",1
StarBlade,1
Stardock,1
"Stardock Entertainment",35
"starlit studios",1
"StarQuail Games",1
Startreming,1
"StarWraith 3D Games LLC",2
"State of Play Games",3
"Stately Snail",1
StaudSoft,2
"Stealth Studios Inc.",1
"Steam Greenlight",1
"Steel Crate Games",1
"Stegalosaurus Game Development",3
"Stegersaurus Software Inc.",1
"Stegosoft Games",2
"Stellar Jay Studios",1
"Stellar Jockeys",1
"Stephane Bottin",1
"Stephen Crabb",1
"Stephen Long",1
StephenAllen,1
"Stereo7 Games",2
"Steve Jarman",1
"Steven Colling",1
"Stickmen Studios",1
"Still Games",1
"Stirfire Studios",1
"Stoic Studio",4
"Stolen Couch Games",2
"Stone Blade Entertainment",1
"Stone Monkey Studios",2
"Stone Pixel Games LLC",1
"Stone Pixel Games, LLC.",1
"Stoneworks Games",1
"Storm Sharks",1
"StormCube Games",1
storm_sharks,1
"Stout Games",1
"Strangely Interactive Ltd",1
"Strangely Named Studio",1
"Strategy First",136
"Strategy First Inc.",3
"Stress Level Zero",1
"Streum On Studio",1
"Strike Games",1
Stroboskop,2
"Stubborn Horse Studios",1
"Studio 48",2
"Studio Bean",2
"Studio Eres",1
"Studio Evil",3
"Studio Monolith",1
"Studio Namaapa",2
"Studio Paint",2
"Studio Puffer LLC",1
"Studio TeamShuriken",1
"Studio Whisky Tango Inc.",2
"Studio Wildcard",2
"Studio Wonderkey",1
StudioBento,1
studiocime,2
"Studios iLLOGIKA",1
"Stuffed Castle Studios",1
"Stumbling Cat",1
"Stunlock Studios",4
STVR,1
"Stygian Software",1
"Sub Orbital Software",1
"Suba Games",3
SubaGames,1
"Subaltern Games",1
"Subaltern Games, LLC",1
"Subatomic Studios LLC",2
"Submersivo Game Studio",1
"Subset Games",1
Subsoap,2
"Subspace Continuum",1
Substantial,1
"Subterranean Games",1
"Subvert Games",2
Subworld,1
"SuckerFree Games",1
"Suits & Sandals",1
"Summit Entertainment LLC",1
"Sumom Games",1
Sun-Studios,1
Suncrash,1
"Sundae Factory",1
"Sunight Games",1
"Sunken Places",2
"SunRay Games",1
"Sunside Inc",3
"Sunstone Games, LLC.",1
"Super Duper Garrett Cooper",2
"Super Walrus Games",1
Super63,1
"SuperChop Games",1
SuperCrit,1
"Superflat Games",1
"Supergiant Games",2
"SUPERHOT Team",1
"SuperVillain Studios",1
"Supra Games",1
"Supreme Clans Entertainment",3
"Suricate Games, SIA",1
"Surprise Attack",16
"Surreal Games",1
Survios,1
"Suspicious Developments",5
"Suspicious Developments Ltd",1
"Svaj?nas Žemaitis",1
"Sven Co-op Team",1
SVGames,1
"Sweet Dog Studios",1
Swinfjord-Games,1
"Swing Swing Submarine",2
"Switchblade Monkeys Entertainment",1
sxpenx,1
Syberstudio,1
"Sydney & Snowball DGBL",1
"Sylvain Harlaut",2
"Sylvain Seccia",1
"Synter Games",1
"System Era Softworks",1
"System Void Games",1
Sytexis,2
Sørb,1
"T-Rex Games",1
"T.G.S. TRUE GAMES STUDIO LIMITED",1
"Tabasco Interactive",1
"Tabletopia Inc.",1
tabrls,1
"Tactic Studios Inc.",6
Tactichaos,2
"Tagstar Games",4
"Tagunda LLC",1
"Tale of Tales",8
"Talecore Studios",1
Talentplace,2
"TaleWorlds Entertainment",5
"Talking About Media",1
"Tall Studios",1
"Tall Tail Studios",1
"TallTech studio",1
"Tamarin Studios",1
"Tammeka Games",1
Tamugaia,1
"Tanner Thayer",1
TAO,1
"Tap To Win",1
"Taranasus Studio",2
"Tarboosh Games",1
"Targem Games",2
"Targhen Games",1
"Tartezal Holdings Ltd.",6
"TASCAM PROFESSIONAL SOFTWARE	",4
"TASCAM PROFESSIONAL SOFTWARE",3
"Tasharen Entertainment Inc.",1
"Tasty Stewdios LLC",2
"Tate Multimedia",1
"Tavern Games",1
"TawStudio Entertainment",1
TaxSoft,1
"Tayfun Tuna",2
"TB Games",1
"TBA Games",1
"TBDTS Games",1
"Tchagata Games",1
TCHOW,1
"team BitClub",1
"Team Chaos, LLC",1
"Team Clockworks",1
"Team Eleven Eleven",1
"Team Flow",1
"Team Fractal Alligator",1
"Team Frizz",1
"Team Grybanser Fox",1
"Team Indev",1
"Team Jolly Roger",1
"Team Junkfish",2
"Team Kryll",2
"Team Monkey",1
"Team Psykskallar",1
"Team Reptile",2
"Team Signal",1
"Team Tripleslash",1
TEAM101,1
"Team17 Digital Ltd",49
"Team17 Digital Ltd.",1
"Team17 Software Ltd.",4
Team2Bit,1
TeamWaterFly,1
"Tech Dealer ",2
Techland,9
"Technomancy Studios",2
"TECMO KOEI GAMES CO., LTD.",1
TECOPARK,1
"Teeworlds Team",1
Tekitown,1
Tekneo,1
"Teknik Gaming",1
"Telltale Games",38
"Temple Gates Games",1
"TEN TIULENYA team",1
"TEN10 Games",1
"Tenshu General",1
"Tenwall Creatives, Inc.",2
"Teotl Studios",3
tequibo,2
"TeraBit Software",1
Terapoly,1
"Terminal Press",3
TERNOX,2
"Terrible Posture Games LLC",1
"Terrifying Jellyfish",1
"Terry Cavanagh",3
"Tethys Interactive LLC",1
"Texel Raptor",1
Teyon,1
"Thang Phung Dinh",2
"The Alpha Company",1
"The Astronauts",2
"The Behemoth",6
"The Binary Mill",1
"The Bitmap Brothers",1
"THE BROTHERHOOD",2
"The Chinese Room",1
"The Conjurer's Tower",1
"The Department of Silly Stuff, LLC",1
"The Dept of Silly Stuff",1
"The Domaginarium",1
"The Family, LLC",1
"The Fighter Collection",20
"The Fine Young Capitalists",2
"The Fisch Brothers",1
"The Foundry",4
"The Fullbright Company",1
"The Fun Pimps Entertainment LLC",1
"The Future Of Videogames",1
"The Game Bakers",1
"The Game Creators",4
"The Game Creators Ltd",7
"The Games Company",1
"The Glitch Factory",1
"The Icehouse",1
"The Indie Forge",1
"The Indie Stone",1
"The Isle Development Team",1
"The Light Sword Team",5
"The Lo-Fi Apocalypse, Inc.",1
"The Loneliest Pixel",1
"The Major Game Company",1
"The Men Who Wear Many Hats",2
"The Molasses Flood",1
"The Mundi Project Game Studios",1
"The Net Champs",1
"The Pompous Pixel",1
"The Quadsphere",1
"The Quantum Astrophysicists Guild",2
"The Quinnspiracy",1
"The Revills Games",2
"The Secret Games Company",2
"The Secret Pie",2
"The Shoebox Diorama",2
"The Sidekicks",2
"The SKSE Team",1
"The Sleeping Machine",4
"The Stork Burnt Down",1
"The Tambourine	",1
"The Tambourine",1
"The Wanderer",1
"The Wave VR Inc.",1
"The Working Parts",2
"The Writer Zone",1
thechineseroom,1
"TheGameWall Studios",3
"Thegamewallstudios	",1
Thegamewallstudios,4
"Thekla, Inc.",1
"Them Games",1
"Theory Georgiou",1
TheShortAndTheTall,2
"Thesis Games",4
TheWgames,1
"Thiemo Bolder, ONEMANGAMES",1
"Thing Trunk",1
Thinice,1
"Think Code Learn Limited",1
"Thinking Studios",2
"Thirsten Studios",1
"ThirtyThree Games",1
"Thomas Biskup",1
"Thomas Bowker",1
"Thomas Christof",1
"Thomas Gwaltney",1
"Thomas Happ Games LLC",1
"Thomas Konkol",1
"Thomas Moon Kang",1
"Thorsten Schleinzer",1
"Those Awesome Guys",1
ThoughtSTEM,1
THQ,11
Threaks,3
"Three Brothers Games",1
"Three Donkeys LLC",4
"Three Fields Entertainment",1
"Three Flip Studios",20
"Three Gates",1
"Three Phase Interactive Pty Ltd",1
"Three Prong Productions",1
"Three Rings",2
"Thrill Pill Games",1
Thrillion,1
"Thunder Lotus Games",2
"Thylacine Studios LLC",1
"Tianyu Studio",2
"TicToc Games",1
"Tiger Style",2
"Tigerish Games",1
"Tikipod Ltd",2
"Tilted Mill Entertainment, Inc.",5
"Tilting Point",1
"Tim Sullivan",1
"Timbre Interactive",1
"Timbre Interactive, LLC",1
"Timedrop Studios",2
"TimeGate Studios",7
"Timeless Games",1
"Timeslip Softworks",2
"Timothy Johnson",1
"Timushev Vladimir",1
"Tin Man Games",11
"Tiny Colossus",1
"Tiny Horse Games",1
"Tiny Red Camel",1
"Tiny Utopia",1
TinyAtomGames,1
tinyBuild,23
"tinyBuild Games",1
"TIPFIND PTY LTD ATF PD DISTRIBUTION TRUST",1
"Tipping Goat LLC",1
Tisnart,1
Tivaru,1
tjern,2
"Toasty Games",1
tobyfox,1
"Tochas Studios",2
"Toco Games",2
"Toge Productions",1
"Tom Johnson",2
"Tomas Gonzalez",2
"Tomkorp Computer Solutions Inc.",2
"Tommo Inc.",2
"ToMorning Productions",1
"Tomorrow Corporation",2
Tongsun,1
"Tonguç Bodur",3
"Tony Jameson",1
Top3Line,1
Topware,2
"Topware Interactive",42
"TopWare Interactive AG",8
"Torkal Games",1
"Torn Banner Studios",2
Torrunt,1
"Tortuga Team",4
"Total Eclipse",2
"Total Eclipse Games",1
"Total Eclipse P.C.",1
"Total Monkery",1
"Touch Orchestra",1
"Touchfight Games LLC",1
Touz,1
"TOWER Development",1
"Toxic Games",5
"Toy Temp",1
"Toylogic inc.",1
"Transcendent Games",1
Transhuman,1
"Transhuman Design",2
Trapdoor,1
"Trapdoor Games",1
"Travian Games GmbH",2
"Trazzy Entertainment",10
Treasure,2
treeform,1
"TreeFortress Games",4
"Treehouse Ltd",2
Treexy,2
"TREK Industries",1
"Trek Industries, Inc",1
"Trend Redaktions- und Verlagsgesellschaft mbH",1
"Trendy Entertainment",26
TrerPlay,1
"Trese Brothers",3
"TREVA Entertainment",7
"Tri Synergy",2
"Tri Synergy, Inc.",3
TRI.G,1
"Triangle Studios",2
"Triangular Pixels",1
"Tribe Studios",1
"Tribute Games",1
"Tribute Games Inc.",4
Trichotomy,2
"Trickster Arts",1
"Trickster Face",1
Tricktale,1
"Trion Worlds",38
"Trion Worlds, Inc.",11
"Triple Lasers",1
Triple.B.Titles,2
TripleBrick,1
"Tripwire Interactive",38
"Tripwire Interactive, LLC",1
"Triskelia Games",1
"Triskell Interactive",1
"Trite Games",1
"Triumph Studios",7
Triverske,2
"Tru Blu Games",3
TrueThought,1
Tryzna83,1
"Tunnel Vision Studio",1
"Tuomo Laine",2
"Turbo Pixel Studios",1
"Turbo Tape Games AS",1
TURBOGUN,1
"Turmoil Games",1
"Turning Wheel LLC",1
"Turtle Cream",4
"Turtle Sandbox",1
"Turtle Sandbox LLC",1
TurtleBlaze,1
TWELVE,1
TwinDrills,1
"Twisted Pixel Games",5
"Twisted Tree",1
"Two Desperados",2
"Two Tribes",8
"Two Tribes Publishing",1
"Tyler Hurd",1
"U&I Entertainment",1
"U-Play online",1
"U.S. Army",2
"Uber Entertainment",12
Ubisoft,427
"Ubisoft - San Francisco",1
"Ubisoft Entertainment",4
"Ubisoft Montreal",1
"UFO Crash Games",1
"UK VENUS",1
"Ultra Runaway Games",1
"UltraShock Gaming",2
"Unbound Creations",1
"Uncaged Studios",1
"Undead Labs LLC",2
undef,1
"Underbite Games",1
"Underdog Games",1
Undergroundies,1
"Unello Design",1
UnexEvo,1
"Unfiltered Audio",1
"Unfinished Pixel",1
"Unigine Corp.",1
"Unigine LLC.",1
"Unika Games",2
UNIT9,1
"United Independent Ententainment GmbH",1
"United Independent Entertainment",1
"United Independent Entertainment GmbH	",1
"United Independent Entertainment GmbH",55
"United Soft Media",1
UnitedIndie,2
"Unity Games",1
Unity3D.College,1
"Universus Software",1
"Unknown Worlds Entertainment",8
Unlok,1
Untame,2
"Unterrainer Informatik OG",1
Untouch,1
"Unwonted Studios",6
"Up Multimedia",1
"Uppercut Games Pty Ltd",2
"URURU games",1
"UTV Ignition Entertainment",1
"Vae Victis Games",4
"Valhalla Cats",1
"Valiant Interactive",1
Valsar,1
ValuSoft,19
Valve,46
"Vanguard Entertainment Group",1
"Vanguard Games",1
"Vantage Games",1
VaragtP,3
"Varia Games",1
"Varkian Empire",2
varlamov5264,1
"Vasara Entertainment",2
"Vasily Bulygin",1
"Vault Interactive",1
VBlank,1
"Vblank Entertainment, Inc.",1
"VDO Games",2
"Vector Games",1
"Vector Unit",1
Vectorpark,1
"Vectorpark, Inc.",1
"Vermont Software Studios,LLC",1
"Versus Evil	",1
"Versus Evil",17
"Vertex Games, S.C.",1
"Vertex Pop",1
"vertex4 entertainment ltd.",1
"Vertical Skull Games",1
"Vertigo Games",4
"Vertigo Gaming",1
"Vertigo Gaming Inc.",2
"Verto Studio LLC",1
"Very Simple Idea Studios",1
"Vexel Games",1
"vidiludi games and entertainment",1
"Viewer Ready",1
"Viewpoint Games",1
vikingfabian.com,2
"Vinci Games",1
Vine,1
Viperante,1
"Virtual Basement LLC",1
"Virtual Racing Industries Ltd.",9
Virtualex,1
"Vishnu Vadakke Pariyarath",1
"Vision Games Publishing LTD",1
"Vision Riders Entertainment",1
"Visiontrick Media",1
"Visual Outbreak",1
"Vital Games Ltd",1
"Vitaly Gintsar",1
"Vitaly Rekubratskiy",2
"Viva  Media Inc",1
"Viva Meda",1
"Viva Media",66
"Viva Media Inc",2
"Viva Media, Inc",1
VivaMedia,1
"Vivid Games S.A.",1
"ViWo Games",1
"VIZ Media",14
"Vladimir Maslov",2
"Vladimir Slav",1
Vlambeer,3
VLLADGET,1
Vogelsap,1
"Vogster Entertainment",1
"VoidMain Studios",1
voldan,1
"Volumetric Games",1
"VolumeUp Studios",1
"Vorobiov Vadym",1
"Vortal Storm",1
"Vostok Games",7
VoxelStorm,2
"VP Project",1
"VR Bits",1
"Vrideo, Inc.",1
VROOM,2
"Vysoko Anime Production",3
wacha.ru,1
"Wadjet Eye Games",16
"Wajdi Manai",1
"Wakeskater Studio",2
"Wales Interactive",6
"Walk Thru Walls Studios",1
"WALLOOK Company",1
"Walter Machado",3
"Wander MMO",1
"Wang Liwen",1
Warballoon,1
Wareberd,1
Wargaming.net,4
"WarGirl Games",3
"Warhead Entertainment",1
"Warlock Arts",1
"Warner Bros.",4
"Warner Bros. Interactive Entertainment",111
"Warner Home Video",20
WARTEAM,1
"Wastelands Interactive",11
WaterMelon,3
WaveDNA,2
"Wax Lyrical Games",2
WayForward,5
"Wayward Prophet",1
"Waz Games",1
"WB Games",8
"We Are Bots",2
"WEB Gaming Entertainment",1
"Web Interactive Solutions",2
"Webber Games",1
webgames,1
Webrox,1
Webzen,6
"wefiends, Inc.",1
"Wehrmann Studios",1
"Weird and Wry",1
"Wesley LaFerriere",1
"West Coast Software",1
"West Forest Games",1
Wetgenes,1
"Wevr, Inc.",1
"WG Labs",4
"WhackAKey Games",1
"Whale Nebula",1
"Whale Rock Games",1
Whalegun,1
"Whalenought Studios",1
"Wheat Muffin Games",1
"While True Fork",2
"Whiskey Jack Games",1
"White Cat",2
"White Clover Inc.",1
"White Giant RPG Studios",1
"White Giant RPG Studios, LLC",1
"White Paper Games",2
"White Rabbit Games",1
"White Rabbit Interactive",1
"White Wizard Games",1
"Wholetone Games",2
"Wicked Fun, Inc.",1
"Wicked Loot",1
"Wicked Witch Software (Steam)",1
"Wild Games Studio",1
"Wild Guess Software",1
"Wild Rooster",1
"Wild Wolf Std",1
Wildgrass,1
WildTangent,4
"Will O'Neill",1
Willpowaproject,1
"Winch Gate Property Limited",1
Windflow,1
Windforce,1
"Windmill Games",1
Windybeard,1
"Winged Pixel Inc.",2
"WINGED SAKURA GAMES",2
Wingware,3
"Winter Bloom",2
"Winter Drake Teller",1
"Winter Wolves",28
"winterworks GmbH",1
"Wired Productions",1
WisdomTools,1
"Wiseman Softworks",1
"Wish Fang",1
"Witch Beam",1
"Wither Studios, LLC",1
"WIWD Development",1
"Wizard Fu Games",1
"Wizards of the Coast",11
"Wizards of the Coast LLC",135
"WJLE GAME",1
WnMStudio,1
"WOBBL3 Entertainment LLC",2
"WOLCEN Studio",1
"Wolf & Wood Interactive Ltd",1
"Wolf Ray Studios",1
Wolfgame,1
Wolfiesoft,1
Wolfire,1
"Wolfire Games",2
"WONDERFUL LASERS",1
Wonderstruck,2
"Woodsy Studio",1
"Workinman Interactive, LLC.",1
"Workyrie Game Studio",1
"Wreck Tangle Games",2
"Wrestling Gamers United",1
"WRF Studios",2
"WSONG LLC",1
Wtech,1
WTFOMGames,3
"Wube Software LTD.",2
www.dev-zoo.net,1
"www.handy-games.com GmbH",1
"WXP Games, LLC",5
"Wyse Games",1
Wytchlight,2
"Xander's Corgi Arcade",1
"Xaviant Games",3
xdub.ru,1
XeniosVision,1
"Xenoaisam Studio",1
"XGen Studios",3
XIAOYAO,1
"Xibalba Studios",1
"XiNFiNiTY Games",1
xinoro,2
"Xiotex Studios",2
"Xiotex Studios Ltd",1
"XMPT Games",1
Xorcerox,1
XP,1
XPAGAME,1
"XPEC Entertainment Inc.",1
"XProd Games",1
XSEED,11
"Xtase Studios",1
"XTeam Software Solutions srls",2
xXarabongXx,1
"Yacht Club Games",2
"Yai Gameworks",3
"Yang Sun",1
"Yanim Studio",1
yayapipi,1
"Yazar Media Group LLC",1
YCJY,2
YeaBoing,2
"Yellow Bun",1
"YFC games",3
"YFYX GAMES",2
"YGGDRASIL STUDIO",8
Yokcos,1
YorkshireRifles,2
Youdagames,4
YouNeedABudget.com,1
"Young Horses",2
YOX-Project,1
"YoYo Games Ltd.",10
Yo_Serjio,1
"Ysbryd Games",2
"Ysty Games",1
Yuisy,1
Yuki,1
"Yukitama Creative Industries",2
Yullaby,2
"Yume Creations",1
"Yunus Ayyildiz",1
"Z-Software GmbH",2
Z2,1
"Z3roram Studios",1
"Zach Kehs (SunnyKatt)",1
"Zach Tsiakalis-Brown",2
Zachtronics,9
ZackBellGames,2
"Zadzen Games Ltd.",1
"Zaheer Flanders",1
"Zandel Media",1
"Zanrai Interactive",1
"Zanza Studios, LLC",1
"Zanza Studios, LLC.",1
"Zaratustra Productions",1
"Zaxis Games",1
"Zeboyd Games",2
Zed-ex,1
"Zeenoh Inc.",1
"Zeiva Inc",6
"Zeke Virant",1
zemaGamez,1
"Zen Studios",2
Zenisport,1
"Zeno Rogue",2
"Zenz VR",1
"Zepetto U.S.A. Inc.",1
"Zeppelin Studio",2
"Zeptolab UK Limited",1
Zeritum,1
"Zero Dollarz ",1
"Zero Point Software",1
"Zero Rock Entertainment",3
Zeroscale,2
ZeroTransform,1
"Zhoori Maang Entertainment",1
"Zillion Whales",2
"ZiMAD, Inc.",1
Zinnusl,2
"Zoink Games",3
"Zombie Cow Studios",1
"Zombie Orpheus Entertainment",2
"Zombie Panic Team",1
"Zombie Studios",1
"Zoo Corporation",14
Zooloretto,1
ZoopTEK,1
Zotnip,2
"Zueira Digital",2
"Zut Games",1
"ZXDigital Ltd",2
Zynga,1
[OneManBand],1
"© 2015 Alternative Software Ltd.",1
"© 2016 Alternative Software Ltd.",2
"© 2016 IGS Publishing",1
Ｌｅｍｏｎ　Ｂａｌｍ,1
